<?xml version="1.0"?>
<!--
/**
 * Copyright © Magento, Inc. All rights reserved.
 * See COPYING.txt for license details.
 */
-->
<config xmlns:xsi="http://www.w3.org/2001/XMLSchema-instance" xsi:noNamespaceSchemaLocation="urn:magento:framework:ObjectManager/etc/config.xsd">
   
    <virtualType name="Magento\Sales\Model\ResourceModel\Order\Grid\Collection" type="Magento\Framework\View\Element\UiComponent\DataProvider\SearchResult">
        <arguments>
            <argument name="mainTable" xsi:type="string">sales_order_grid</argument>
            <argument name="resourceModel" xsi:type="string">Magento\Sales\Model\ResourceModel\Order\Collection</argument>
        </arguments>
    </virtualType>
    <type name="Magento\Framework\View\Element\UiComponent\DataProvider\CollectionFactory">
        <arguments>
            <argument name="collections" xsi:type="array">
                <item name="lrdes_order_listing_data_source" xsi:type="string">Magento\Sales\Model\ResourceModel\Order\Grid\Collection</item>
            </argument>
        </arguments>
    </type>

    <type name="Magento\Framework\View\Element\UiComponent\DataProvider\CollectionFactory">
        <plugin name="sales_order_pending2" type="Logicrays\NewDashboard\Plugin\CustomSalesOrderGridCollection" sortOrder="100" />
    </type>

</config>




