<?xml version="1.0"?>
<config xmlns:xsi="http://www.w3.org/2001/XMLSchema-instance" xsi:noNamespaceSchemaLocation="urn:magento:framework:ObjectManager/etc/config.xsd">
    <virtualType name="MagicToolbox\MagicScrollModuleCoreClass" type="MagicToolbox\MagicScroll\Classes\MagicScrollModuleCoreClass" shared="true">
        <arguments>
            <argument name="reloadDefaults" xsi:type="boolean">true</argument>
        </arguments>
    </virtualType>
    <type name="MagicToolbox\MagicScroll\Helper\Data" shared="true">
        <arguments>
            <argument name="magicscroll" xsi:type="object">MagicToolbox\MagicScrollModuleCoreClass</argument>
        </arguments>
    </type>
    <type name="Magento\Catalog\Block\Product\ListProduct">
        <plugin name="MagicScrollListProductPlugin" type="MagicToolbox\MagicScroll\Plugin\Product\ListProduct" sortOrder="3" disabled="false" />
    </type>

    <!-- NOTE: to fix exception when image doesn't exists -->
    <preference for="Magento\Framework\Image" type="MagicToolbox\MagicScroll\Model\Image" />
</config>
