<?xml version="1.0"?>
<config xmlns:xsi="http://www.w3.org/2001/XMLSchema-instance"
        xsi:noNamespaceSchemaLocation="urn:magento:module:Magento_Config:etc/system_file.xsd">
    <system>
        <section id="payment">
            <group id="payglocal" translate="label" type="text" sortOrder="100" showInDefault="1"
                   showInWebsite="1" showInStore="1">
                <label>PayGlocal Payment - Meetanshi</label>
                <field id="active" translate="label" type="select" sortOrder="10" showInDefault="1" showInWebsite="1"
                       showInStore="0" canRestore="1">
                    <label>Enabled</label>
                    <source_model>Magento\Config\Model\Config\Source\Yesno</source_model>
                </field>
                <field id="title" translate="label" type="text" sortOrder="20" showInDefault="1" showInWebsite="1"
                       showInStore="1" canRestore="1">
                    <label>Title</label>
                    <comment>Payment method title displayed on Checkout Page</comment>
                </field>
                <field id="display_mode" translate="label" type="select" sortOrder="35" showInDefault="1" showInWebsite="1"
                       showInStore="0" canRestore="1">
                    <label>Display Mode</label>
                    <source_model>Meetanshi\PayGlocal\Model\Config\Source\DisplayMode</source_model>
                </field>
                <field id="mode" translate="label" type="select" sortOrder="40" showInDefault="1" showInWebsite="1"
                       showInStore="0" canRestore="1">
                    <label>Sandbox Mode</label>
                    <source_model>Magento\Config\Model\Config\Source\Yesno</source_model>
                </field>

                <field id="sandbox_api_key" translate="label" type="obscure" sortOrder="90" showInDefault="1" showInWebsite="1"
                       showInStore="1">
                    <label>Sandbox Api Key</label>
                    <validate>required-entry</validate>
                    <backend_model>Magento\Config\Model\Config\Backend\Encrypted</backend_model>
                    <depends>
                        <field id="active">1</field>
                        <field id="mode">1</field>
                    </depends>
                </field>
                <field id="live_api_key" translate="label" type="obscure" sortOrder="100" showInDefault="1" showInWebsite="1"
                       showInStore="1">
                    <label>Live Api Key</label>
                    <validate>required-entry</validate>
                    <backend_model>Magento\Config\Model\Config\Backend\Encrypted</backend_model>
                    <depends>
                        <field id="active">1</field>
                        <field id="mode">0</field>
                    </depends>
                </field>
                <field id="sandbox_cd_id" translate="label" type="text" sortOrder="145" showInDefault="1" showInWebsite="1"
                       showInStore="1">
                    <label>Sandbox Cd ID</label>
                    <depends>
                        <field id="active">1</field>
                        <field id="mode">1</field>
                    </depends>
                </field>
                <field id="live_cd_id" translate="label" type="text" sortOrder="145" showInDefault="1" showInWebsite="1"
                       showInStore="1">
                    <label>Live Cd ID</label>
                    <depends>
                        <field id="active">1</field>
                        <field id="mode">0</field>
                    </depends>
                </field>

                <field id="sandbox_gateway_url" translate="label" type="text" sortOrder="150" showInDefault="1" showInWebsite="1"
                       showInStore="1" canRestore="1">
                    <validate>required-entry</validate>
                    <label>Gateway URL</label>
                    <depends>
                        <field id="active">1</field>
                        <field id="mode">1</field>
                    </depends>
                </field>
                <field id="live_gateway_url" translate="label" type="text" sortOrder="160" showInDefault="1" showInWebsite="1"
                       showInStore="1" canRestore="1">
                    <validate>required-entry</validate>
                    <label>Gateway URL</label>
                    <depends>
                        <field id="active">1</field>
                        <field id="mode">0</field>
                    </depends>
                </field>
                <field id="iframe_width" translate="label" type="text" sortOrder="170" showInDefault="1" showInWebsite="1"
                       showInStore="1">
                    <label>Payment page width</label>
                    <validate>validate-number validate-digits-range digits-range-350-450</validate>
                    <comment>Width between 350-450</comment>
                </field>
                <field id="allowspecific" translate="label" type="allowspecific" sortOrder="180" showInDefault="1"
                       showInWebsite="1" showInStore="1" canRestore="1">
                    <label>Payment from Applicable Countries</label>
                    <source_model>Magento\Payment\Model\Config\Source\Allspecificcountries</source_model>
                </field>
                <field id="specificcountry" translate="label" type="multiselect" sortOrder="190" showInDefault="1"
                       showInWebsite="1" showInStore="1" canRestore="1">
                    <label>Payment from Specific Countries</label>
                    <source_model>Magento\Directory\Model\Config\Source\Country</source_model>
                </field>
                <field id="debug" translate="label" type="select" sortOrder="200" showInDefault="1" showInWebsite="1"
                       showInStore="0" canRestore="1">
                    <label>Debug</label>
                    <source_model>Magento\Config\Model\Config\Source\Yesno</source_model>
                </field>
                <field id="instructions" translate="label" type="textarea" sortOrder="210" showInDefault="1" showInWebsite="1" showInStore="1" canRestore="1">
                    <label>Instructions</label>
                </field>
                <field id="min_order_total" translate="label" type="text" sortOrder="220" showInDefault="1" showInWebsite="1" showInStore="0">
                    <label>Minimum Order Total</label>
                </field>
                <field id="max_order_total" translate="label" type="text" sortOrder="230" showInDefault="1" showInWebsite="1" showInStore="0">
                    <label>Maximum Order Total</label>
                </field>
                <field id="sort_order" translate="label" type="text" sortOrder="240" showInDefault="1" showInWebsite="1" showInStore="1">
                    <label>Sort Order</label>
                    <frontend_class>validate-number</frontend_class>
                </field>
            </group>
        </section>
    </system>
</config>
