Product SKU,Position
SAAA17765,1
SAAA11109,2
CCAA2287,3
SAAA5698,4
SKDAA9726,5
SKDAA12273,6
SKDAA10028,7
SAAA17228,8
CCAA2364,9
SKDAA12474,10
SAAA17763,11
SAAA18246,12
CCAA2292,13
SAAA17761,14
SKDAA12277,15
SKDAA12278,16
SAAA18436,17
SKDAA10370,18
SAAA17768,19
SKDAA12271,20
CCAA2032,21
CCAA2289,22
CCAA2120,23
SKDAA10456,24
CCAA2270,25
SAAA11107,26
SAAA18234,27
SAAA18491,28
SAAA15504,29
CCAA2286,30
SKDAA12272,31
SAAA17762,32
CCAA2285,33
SAAA17078,34
SKDAA12029,35
CCAA2500,36
SAAA18237,37
CCAA2294,38
SAAA12825,39
SAAA18247,40
SKDAA11631,41
SAAA15502,42
SAAA16321,43
SAAA17773,44
SAAA11503,45
SAAA18535,46
CCAA2281,47
SKDAA12275,48
SAAA11970,49
CCAA1759,50
SKDAA11349,51
CCAA2283,52
SAAA18233,53
SKDAA12476,54
SKDAA12274,55
SAAA18531,56
SAAA17764,57
SAAA18249,58
SAAA18016,59
SKDAA9410,60
SAAA18735,61
CCAA2328,62
SAAA15512,63
SKDAA12480,64
CCAA2508,65
CCAA2365,66
SAAA18250,67
CCAA2497,68
CCAA2275,69
SAAA18731,70
SAAA18520,71
SKDAA10251,72
SAAA12815,73
CCAA2284,74
SKDAA12002,75
SAAA18530,76
SKDAA10718,77
SAAA14691,78
SKDAA12478,79
SAAA16320,80
SKDAA10451,81
SKDAA10854,82
SKDAA11650,83
SAAA18534,84
CCAA2571,85
SAAA13312,86
SAAA18014,87
SAAA11511,88
SAAA11505,89
SAAA14065,90
SAAA16319,91
CCAA2565,92
SAAA18729,93
SAAA18243,94
SAAA11969,95
SAAA18540,96
SAAA18733,97
SKDAA11392,98
CCAA2290,99
SAAA18020,100
SAAA11504,101
CCAA2111,102
SAAA18415,103
GWAA0294,104
SAAA18537,105
CCAA2245,106
CCAA2248,107
CCAA2268,108
SAAA18236,109
SAAABL010,110
CCAA2291,111
SAAA13908,112
SKDAA10714,113
SAAA15826,114
SAAA18660,115
SAAA17223,116
CCAA2525,117
CCAA2584,118
SKDAA10705,119
SAAA17648,120
CCAA2577,121
SAAA18419,122
SAAA18240,123
SKDAA10249,124
SKDAA10372,125
CCAA2519,126
SAAA18543,127
SAAA18015,128
SAAABL001,129
SKDAA12479,130
CCAA2494,131
SAAA11506,132
CCAA2501,133
CCAA2368,134
CCAA2511,135
SAAA18241,136
CCAA2246,137
CCAA2523,138
SAAA17085,139
CCAA2265,140
SAAA18692,141
SAAA11980,142
SAAA16316,143
SAAA17685,144
SKDAA12424,145
SAAA16314,146
CCAA2514,147
SAAA18544,148
SAAA18411,149
CCAA2282,150
CCAA2528,151
CCAA2279,152
SAAA18007,153
SAAA18416,154
SAAA18486,155
SAAA17235,156
SAAA18178,157
SAAA17231,158
CCAA1819,159
SKDAA10316,160
SAAA17767,161
SAAA18017,162
SKDAA11387,163
SAAA11986,164
SAAA18734,165
SKDAA10430,166
SKDAA11297,167
CCAA2510,168
CCAA2351,169
SAAA17090,170
SKDAA10459,171
CCAA2509,172
CCAA2518,173
SAAA17769,174
CCAA2261,175
SAAA16974,176
SAAA18536,177
SAAA18730,178
SKDAA9099,179
SAAA18532,180
CCAA2253,181
SAAA14432,182
SKDAA11775,183
SKDAA12477,184
CCAA1821,185
SAAA15968,186
SAAA18726,187
SAAA19115,188
SAAA16457,189
SAAA17770,190
SAAA18736,191
SAAA17314,192
SKDAA12266,193
SAAA11103,194
SKDAA11626,195
SAAA18019,196
CCAA2582,197
SAAA17079,198
SAAA14272,199
SAAA18529,200
SAAA18694,201
SAAA18306,202
GWAA0305,203
SKDAA11375,204
SAAA18884,205
SAAA17772,206
SKDAA12262,207
SAAA18487,208
SAAA14249,209
SKDAA12475,210
SAAA17582,211
SKDAA11903,212
SAAA16323,213
SAAA18539,214
CCAA2276,215
SKDAA11792,216
SAAA17963,217
SAAA18482,218
SKDAA11928,219
SAAA17851,220
SAAA18183,221
SAAA19050,222
SKDAA10431,223
SAAA18410,224
SKDAA12314,225
GWAA0301,226
CCAA2498,227
CCAA2588,228
SKDAA12024,229
SKDAA11214,230
CCAA2576,231
SAAA13314,232
SAAA18232,233
SAAA18541,234
SKDAA12450,235
CCAA2563,236
SAAA16318,237
SAAA17687,238
SKDAA12276,239
CCAA2247,240
CCAA2569,241
SAAA11383,242
SAAA18563,243
SAAA15718,244
SKDAA11921,245
CCAA2293,246
SAAA18450,247
SKDAA6932,248
SKDAA9373,249
CCAA2515,250
SAAA18538,251
SKDAA9815,252
SAAA18425,253
SAAA18433,254
SAAA16590,255
SAAA14696,256
SAAA17084,257
CCAA2356,258
SKDAA11969,259
SAAA15508,260
SAAA14253,261
SAAA18417,262
SAAA18420,263
SKDAA12027,264
SKDAA8793,265
SKDAA9054,266
CCAA2259,267
SAAA19200,268
SAAA18373,269
SKDAA12191,270
SKDAA12349,271
SAAA17301,272
CCAA2249,273
SAAA12835,274
SKDAA9097,275
CCAA2359,276
CCAA2496,277
SAAA18521,278
SKDAA11794,279
SKDAA11739,280
SAAA18518,281
SKDAA12255,282
SAAA15363,283
CCAA2499,284
CCAA2573,285
SKDAA11628,286
SAAA16819,287
CCAA2495,288
SAAA18533,289
CCAA2260,290
SKDAA12363,291
CCAA2575,292
SAAA13495,293
SAAA14319,294
SKDAA12430,295
SKDAA9848,296
SAAA14423,297
SAAA16593,298
SAAA17568,299
SAAA17088,300
SKDAA11871,301
SAAA15717,302
CCAA2381,303
CCAA2433,304
SAAA12824,305
SAAA17970,306
SKDAA12014,307
SKDAA12163,308
SAAA16849,309
SAAA18429,310
CCAA2444,311
CCAA2165,312
SAAA18514,313
CCAA2587,314
SAAA17766,315
CCAA2629,316
SAAA17227,317
SAAA17771,318
GWAA0262,319
SAAA12074,320
SAAA18421,321
SAAA18488,322
SAAA18722,323
SAAA18886,324
SKDAA11629,325
SAAA14151,326
SAAA18935,327
CCAA2277,328
SAAA15775,329
SAAA18542,330
SAAA15424,331
SAAA17797,332
SAAA18427,333
SAAA18528,334
SKDAA6199,335
CCAA2517,336
SKDAA12507,337
CCAA2574,338
SAAA17232,339
SKDAA12428,340
SAAA13930,341
CCAA2568,342
SAAA12758,343
SAAA18018,344
SKDAA11300,345
CCAA2654,346
CCAA2280,347
SAAA13320,348
SKDAA11348,349
SKDAA11944,350
SKDAA11846,351
SAAA18122,352
SAAA18489,353
SKDAA12308,354
SAAA17978,355
SAAA18527,356
SAAA19120,357
SAAA11981,358
SKDAA11347,359
SAAA11971,360
SAAA17082,361
SAAA17087,362
SAAA18833,363
SKDAA8799,364
SKDAA11352,365
SKDAA8960,366
CCAA1964,367
CCAA2512,368
SAAA13318,369
SAAA18511,370
CCAA1720,371
CCAA2513,372
CCAA2520,373
SAAA17222,374
SAAA17692,375
SAAA18008,376
SKDAA12033,377
SAAA17971,378
SAAA18545,379
SAAA18695,380
SAAA18824,381
CCAA2334,382
GWAA0257,383
SAAA18242,384
SAAA18611,385
SKDAA12315,386
SKDAA12481,387
CCAA1957,388
GWAA0218,389
SAAA18698,390
CCAA2288,391
CCAA2535,392
CCAA2628,393
SAAA18665,394
SAAA18841,395
SAAA19192,396
SKDAA11844,397
SKDAA12028,398
CCAA2592,399
SAAA18309,400
SKDAA12260,401
CCAA2179,402
CCAA2369,403
SAAA17686,404
SAAA18651,405
SAAA18727,406
SKDAA10715,407
SKDAA12026,408
SAAA18797,409
SKDAA12429,410
SKDAA10243,411
CCAA2589,412
SAAA17700,413
SAAA18484,414
SKDAA10855,415
SKDAA12485,416
SKDAA9100,417
CCAA2579,418
SAAA17669,419
SAAA18430,420
CCAA2130,421
SAAA15501,422
SAAA18485,423
SAAA18448,424
SAAA17226,425
SAAA17637,426
SAAA18483,427
SKDAA12261,428
SAAA15511,429
SAAA18793,430
SAAA18836,431
CCAA2536,432
SAAA14252,433
SAAA18846,434
SAAA19118,435
CCAA2570,436
SAAA12832,437
SAAA14434,438
SAAA17239,439
SKDAA12025,440
CCAA2524,441
SAAA18526,442
SKDAA11350,443
CCAA2376,444
CCAA2352,445
CCAA2443,446
SAAA15978,447
SAAA18013,448
SAAA19245,449
SAAABL019,450
CCAA2251,451
CCAA2254,452
CCAA2502,453
CCAA2507,454
CCAA2566,455
SAAA18608,456
SKDAA10315,457
CCAA2564,458
CCAA2586,459
SAAA18667,460
SKDAA11632,461
CCAA2313,462
CCAA2580,463
CCAA2623,464
SKDAA11333,465
SKDAA11933,466
SKDAA12505,467
CCAA2578,468
SAAA11105,469
SAAA17075,470
SKDAA11633,471
SKDAA11904,472
CCAA2026,473
GWAA0278,474
SAAA17077,475
SAAA17229,476
SAAA18700,477
SAAA18725,478
SKDAA6933,479
SAAA18235,480
SAAA18926,481
SKDAA12021,482
GWAA0302,483
SAAA17236,484
SAAA18843,485
SKDAA11662,486
SAAA17225,487
SAAA17674,488
SAAA18413,489
SAAA18480,490
SKDAA12023,491
CCAA2429,492
SAAA17788,493
SAAA18605,494
SAAA18939,495
SKDAA10717,496
SKDAA11078,497
CCAA1144,498
CCAA1959,499
CCAA2176,500
CCAA2362,501
SAAA18446,502
SKDAA12473,503
CCAA2039,504
SAAA14701,505
SAAA17322,506
SAAA17930,507
SAAA18585,508
SAAA18728,509
SAAA18842,510
SAAA18878,511
SAAA18996,512
SAAA19125,513
SKDAA12254,514
SKDAA12504,515
CCAA2379,516
SAAA12205,517
SAAA14420,518
SAAA18481,519
SAAA18510,520
SKDAA10684,521
SKDAA11302,522
SKDAA12310,523
CCAA1953,524
CCAA2312,525
SAAA11510,526
SAAA12004,527
SAAA15506,528
SAAA17230,529
SAAA18011,530
SAAA18798,531
SAAABL044,532
CCAA2041,533
CCAA2521,534
CCAA2572,535
SAAA16630,536
SAAA17643,537
SKDAA12482,538
CCAA2117,539
SAAA18126,540
SAAA18409,541
SAAA18674,542
SAAA18825,543
SAAA4095,544
SKDAA10712,545
SKDAA11949,546
SKDAA12506,547
CCAA2355,548
CCAA2493,549
CCAA2522,550
CCAA2625,551
SAAA18454,552
SKDAA11273,553
CCAA2080,554
GWAA0283,555
SAAA17316,556
SAAA17670,557
SAAA17691,558
SAAA18259,559
SKDAA10245,560
SKDAA12017,561
CCAA2278,562
CCAA2533,563
GWAA0220,564
SAAA12836,565
SAAA13317,566
SAAA17089,567
SAAA17237,568
SAAA17238,569
SAAA18114,570
SAAA18505,571
SKDAA11939,572
SAAA14816,573
CCAA2567,574
SAAA15428,575
SAAA17751,576
SAAA18931,577
SKDAA10620,578
SKDAA9728,579
CCAA2121,580
SAAA17224,581
SAAA17641,582
SAAA18927,583
SKDAA10072,584
SKDAA11641,585
SKDAA12313,586
SKDAA12446,587
CCAA2027,588
CCAA2252,589
CCAA2366,590
SAAA15338,591
SAAA17318,592
SAAA18455,593
SAAA18509,594
SAAA18642,595
SKDAA10247,596
SKDAA11625,597
SKDAA12445,598
CCAA1754,599
CCAA2046,600
CCAA2055,601
CCAA2430,602
CCAA2516,603
SAAA11975,604
SAAA12828,605
SAAA16663,606
SAAA17076,607
SAAA17190,608
SAAA18315,609
SAAA18513,610
SAAA18525,611
SAAA18650,612
SAAA18672,613
SAAA18712,614
SAAA18743,615
SAAA18830,616
SAAA18934,617
SAAA19247,618
SKDAA10720,619
SKDAA12019,620
SKDAA12488,621
CCAA1757,622
CCAA1965,623
CCAA2257,624
CCAA2530,625
CCAA2581,626
GWAA0307,627
SAAA12838,628
SAAA15966,629
SAAA17531,630
SAAA18606,631
SAAA18789,632
SAAA18792,633
SAAA18834,634
SKDAA12503,635
SAAA18453,636
CCAA2316,637
GWAA0293,638
SAAA15209,639
SAAA17234,640
SAAA18515,641
SAAA18741,642
SAAA19119,643
SAAA19124,644
SKDAA11486,645
SKDAA11670,646
SKDAA12360,647
SKDAA12447,648
SKDAA9962,649
SAAA14298,650
SAAA15083,651
SAAA17652,652
SAAA17972,653
SAAA18591,654
SAAA18643,655
SAAA18705,656
SAAA18932,657
SAAA19198,658
SKDAA11935,659
SKDAA12110,660
SKDAA12212,661
CCAA2048,662
CCAA2596,663
SAAA14815,664
SAAA15651,665
SAAA15980,666
SAAA17080,667
SAAA17233,668
SAAA17693,669
SAAA18435,670
SAAA18516,671
SAAA18523,672
SAAA18845,673
SAAA18937,674
SAAA19116,675
SKDAA11929,676
SKDAA12431,677
CCAA2273,678
CCAA2434,679
CCAA2594,680
CCAA2620,681
GWAA0208,682
SAAA11507,683
SAAA11984,684
SAAA14255,685
SAAA17844,686
SAAA17975,687
SAAA18130,688
SAAA18422,689
SAAA18669,690
SAAA18933,691
SAAA18980,692
SKDAA10317,693
CCAA1755,694
CCAA1758,695
CCAA1782,696
CCAA2590,697
CCAA2621,698
GWAA0203,699
GWAA0261,700
SAAA14137,701
SAAA15662,702
SAAA16404,703
SAAA17451,704
SAAA18662,705
SAAA18938,706
SAAABL003,707
SKDAA11926,708
CCAA2488,709
GWAA0304,710
SAAA17744,711
SAAA18185,712
SAAA18572,713
SAAA18745,714
SKDAA10074,715
SKDAA10708,716
SKDAA10989,717
SKDAA11635,718
SKDAA11909,719
SKDAA11938,720
SKDAA12472,721
CCAA2269,722
CCAA2329,723
CCAA2585,724
GWAA0300,725
SAAA16447,726
SAAA17964,727
SAAA18162,728
SAAA18522,729
SAAA18696,730
SKDAA10030,731
SKDAA10616,732
SKDAA11259,733
SKDAA11391,734
SKDAA11694,735
SKDAA12032,736
SKDAA12217,737
CCAA2255,738
CCAA2453,739
CCAA2622,740
SAAA11509,741
SAAA14063,742
SAAA17644,743
SAAA18983,744
SAAA19123,745
SKDAA10851,746
SKDAA12258,747
SKDAA12470,748
SKDAA9055,749
CCAA2318,750
CCAA2427,751
CCAA2486,752
CCAA2491,753
CCAA2617,754
SAAA11513,755
SAAA11977,756
SAAA12817,757
SAAA16310,758
SAAA18434,759
SAAA18677,760
SAAA18929,761
SAAA18965,762
SKDAA10320,763
SKDAA11930,764
SKDAA12022,765
SKDAA12468,766
SKDAA9586,767
CCAA1359,768
CCAA2037,769
CCAA2583,770
CCAA2591,771
SAAA11508,772
SAAA11968,773
SAAA16455,774
SAAA18458,775
SAAA18587,776
SKDAA10319,777
SKDAA11065,778
SKDAA12020,779
SKDAA12434,780
SKDAA12508,781
SKDAA8957,782
SAAA16313,783
CCAA2021,784
CCAA2357,785
GWAA0223,786
GWAA0303,787
SAAA11976,788
SAAA18145,789
SAAA18223,790
SAAA18253,791
SAAA18272,792
SAAA18418,793
SAAA18432,794
SAAA18479,795
SAAA18586,796
SAAA18675,797
SAAA18693,798
SAAA18936,799
SKDAA11264,800
SKDAA11623,801
SKDAA11843,802
SKDAA11845,803
SKDAA11850,804
SAAA11965,805
SAAA13315,806
SAAA14699,807
SAAA16739,808
SAAA18157,809
SAAA18175,810
SAAA18414,811
SAAA18424,812
SAAA18703,813
SAAA18746,814
SAAA18876,815
SAAA19206,816
SKDAA11345,817
SKDAA12003,818
SKDAA12193,819
SKDAA12433,820
CCAA2051,821
CCAA2333,822
SAAA14688,823
SAAA15267,824
SAAA16322,825
SAAA17535,826
SAAA18261,827
SAAA18478,828
SAAA18594,829
SAAA18661,830
SAAA18673,831
SAAA18737,832
SAAA18750,833
SAAA18831,834
SAAA18873,835
SAAA19117,836
SAAA19208,837
SKDAA10068,838
SKDAA10429,839
SKDAA10713,840
SKDAA11220,841
SKDAA11640,842
SKDAA11666,843
SKDAA11847,844
SKDAA11912,845
SKDAA12307,846
CCAA2049,847
SAAA12073,848
SAAA15804,849
SAAA15976,850
SAAA17937,851
SAAA17977,852
SAAA18176,853
SAAA18308,854
SAAA18507,855
SAAA18732,856
SAAA18739,857
SAAA18839,858
SAAA18871,859
SAAA18970,860
SKDAA10248,861
SKDAA11386,862
SKDAA11690,863
SKDAA11942,864
SKDAA11948,865
SKDAA9349,866
SKDAA9678,867
CCAA2398,868
CCAA2401,869
CCAA2593,870
GWAA0263,871
GWAA0285,872
SAAA14692,873
SAAA17319,874
SAAA18313,875
SAAA18923,876
SAAABL024,877
SKDAA10075,878
SKDAA10318,879
SKDAA10719,880
SKDAA11372,881
SKDAA12185,882
SKDAA12471,883
SKDAA9064,884
CCAA2078,885
CCAA2175,886
CCAA2295,887
CCAA2532,888
CCAA2611,889
SAAA12175,890
SAAA14417,891
SAAA14537,892
SAAA14951,893
SAAA15648,894
SAAA16395,895
SAAA16450,896
SAAA16456,897
SAAA17286,898
SAAA17976,899
SAAA18310,900
SAAA18655,901
SAAA18663,902
SAAA18676,903
SAAA18679,904
SAAA18718,905
SAAA18981,906
SAAA19178,907
SKDAA11320,908
SKDAA12425,909
SKDAA9065,910
CCAA1781,911
CCAA1954,912
CCAA2053,913
CCAA2466,914
GWAA0260,915
SAAA16260,916
SAAA16317,917
SAAA16952,918
SAAA18508,919
SAAA18653,920
SAAA18682,921
SAAA18708,922
SAAA18740,923
SAAABL021,924
SKDAA11639,925
SKDAA11941,926
SKDAA12359,927
CCAA2054,928
CCAA2354,929
CCAA2411,930
CCAA2609,931
CCAA2618,932
SAAA14296,933
SAAA14427,934
SAAA14695,935
SAAA17534,936
SAAA18226,937
SAAA18826,938
SAAA18832,939
SKDAA10073,940
SKDAA10716,941
SKDAA1107,942
SKDAA12487,943
CCAA1823,944
CCAA2272,945
SAAA14436,946
SAAA17635,947
SAAA18426,948
SAAA18706,949
SAAA18837,950
SAAA18960,951
SAAA18964,952
SAAABL002,953
SKDAA11304,954
SKDAA11488,955
SKDAA11848,956
SKDAA11951,957
SKDAA11966,958
SKDAA8795,959
CCAA1726,960
CCAA2361,961
SAAA14422,962
SAAA14429,963
SAAA14687,964
SAAA15362,965
SAAA16624,966
SAAA16631,967
SAAA16968,968
SAAA16976,969
SAAA17300,970
SAAA17507,971
SAAA17636,972
SAAA18213,973
SAAA18562,974
SAAA18664,975
SAAABL045,976
SKDAA10176,977
SKDAA10250,978
SKDAA10794,979
SKDAA11332,980
SKDAA12257,981
SKDAA12346,982
SKDAA12432,983
CCAA1822,984
CCAA1879,985
CCAA1956,986
CCAA2258,987
CCAA2483,988
CCAA2626,989
GWAA0297,990
SAAA13263,991
SAAA16626,992
SAAA17806,993
SAAA18286,994
SAAA18423,995
SAAA18519,996
SAAA18613,997
SAAA18668,998
SAAA18680,999
SAAA18872,1000
SAAA18925,1001
SAAA18984,1002
SKDAA11692,1003
SKDAA11908,1004
SKDAA12234,1005
SKDAA12256,1006
SKDAA12448,1007
SKDAA8708,1008
SKDAA9063,1009
SKDAA9101,1010
CCAA2166,1011
CCAA2274,1012
CCAA2409,1013
GWAA0295,1014
SAAA14324,1015
SAAA14332,1016
SAAA14525,1017
SAAA15342,1018
SAAA16662,1019
SAAA17536,1020
SAAA17676,1021
SAAA18132,1022
SAAA18177,1023
SAAA18388,1024
SAAA18391,1025
SAAA18924,1026
SAAA18940,1027
SAAA18975,1028
SKDAA11061,1029
SKDAA11697,1030
SKDAA11701,1031
SKDAA12259,1032
SKDAA12357,1033
SKDAA12566,1034
SKDAA8744,1035
SKDAA9847,1036
CCAA2079,1037
CCAA2335,1038
CCAA2410,1039
CCAA2606,1040
GWAA0225,1041
GWAA0284,1042
SAAA11966,1043
SAAA12827,1044
SAAA14700,1045
SAAA16298,1046
SAAA16791,1047
SAAA16800,1048
SAAA17406,1049
SAAA18025,1050
SAAA18140,1051
SAAA18141,1052
SAAA18697,1053
SKDAA11645,1054
SKDAA11849,1055
SKDAA12016,1056
SKDAA9618,1057
CCAA1776,1058
CCAA1788,1059
CCAA1800,1060
CCAA2315,1061
CCAA2360,1062
CCAA2391,1063
CCAA2610,1064
CCAA2627,1065
SAAA12834,1066
SAAA14689,1067
SAAA16131,1068
SAAA17832,1069
SAAA17974,1070
SAAA18148,1071
SAAA18267,1072
SAAA18567,1073
SAAA18702,1074
SAAA18850,1075
SAAA19014,1076
SAAA19029,1077
SAAA19187,1078
SAAA19189,1079
SAAA19207,1080
SKDAA10706,1081
SKDAA10859,1082
SKDAA11269,1083
SKDAA11385,1084
SKDAA12267,1085
SKDAA12304,1086
SKDAA12352,1087
SKDAA12354,1088
SKDAA8706,1089
CCAA1796,1090
CCAA1955,1091
CCAA2052,1092
CCAA2074,1093
CCAA2170,1094
CCAA2317,1095
CCAA2432,1096
CCAA2452,1097
CCAA2540,1098
SAAA11034,1099
SAAA12821,1100
SAAA14693,1101
SAAA15723,1102
SAAA16386,1103
SAAA16402,1104
SAAA16435,1105
SAAA16458,1106
SAAA16620,1107
SAAA16794,1108
SAAA17081,1109
SAAA17785,1110
SAAA17965,1111
SAAA17969,1112
SAAA18030,1113
SAAA18184,1114
SAAA18517,1115
SAAA18568,1116
SAAA18588,1117
SAAA18593,1118
SAAA18658,1119
SKDAA10244,1120
SKDAA11272,1121
SKDAA11316,1122
SKDAA11900,1123
SKDAA11934,1124
SKDAA12214,1125
SKDAA12264,1126
SKDAA12457,1127
SKDAA12564,1128
SKDAA8956,1129
SKDAA9347,1130
CCAA1131,1131
CCAA1756,1132
CCAA1799,1133
CCAA1961,1134
CCAA2047,1135
CCAA2168,1136
CCAA2256,1137
CCAA2271,1138
CCAA2311,1139
CCAA2324,1140
CCAA2353,1141
CCAA2373,1142
CCAA2506,1143
CCAA2538,1144
CCAA2552,1145
CCAA2605,1146
CCAA2624,1147
SAAA10148,1148
SAAA14071,1149
SAAA14593,1150
SAAA16217,1151
SAAA16218,1152
SAAA16650,1153
SAAA16812,1154
SAAA17060,1155
SAAA17694,1156
SAAA17968,1157
SAAA18009,1158
SAAA18127,1159
SAAA18428,1160
SAAA18449,1161
SAAA18451,1162
SAAA18670,1163
SAAA18701,1164
SAAA18710,1165
SAAA18720,1166
SAAA18790,1167
SAAA18809,1168
SAAA18875,1169
SAAA18912,1170
SAAA19055,1171
SAAA19235,1172
SKDAA11067,1173
SKDAA11376,1174
SKDAA11704,1175
SKDAA11950,1176
SKDAA12111,1177
SKDAA12309,1178
SKDAA12436,1179
SKDAA12568,1180
SKDAA9051,1181
CCAA1725,1182
CCAA2036,1183
CCAA2077,1184
CCAA2267,1185
CCAA2384,1186
CCAA2551,1187
CCAA2612,1188
SAAA11972,1189
SAAA13917,1190
SAAA15642,1191
SAAA16329,1192
SAAA16945,1193
SAAA17696,1194
SAAA17879,1195
SAAA18135,1196
SAAA18271,1197
SAAA18293,1198
SAAA18431,1199
SAAA18699,1200
SAAA18744,1201
SAAA18969,1202
SAAA18985,1203
SAAA19193,1204
SAAA4024,1205
SAAABL018,1206
SKDAA10285,1207
SKDAA11782,1208
SKDAA11906,1209
SKDAA11947,1210
SKDAA12113,1211
SKDAA12228,1212
SKDAA12372,1213
SKDAA8749,1214
CCAA1365,1215
CCAA1791,1216
CCAA1801,1217
CCAA1958,1218
CCAA2303,1219
CCAA2475,1220
CCAA2487,1221
SAAA12204,1222
SAAA13319,1223
SAAA13373,1224
SAAA15336,1225
SAAA15808,1226
SAAA15971,1227
SAAA16789,1228
SAAA17315,1229
SAAA17320,1230
SAAA17433,1231
SAAA17893,1232
SAAA17973,1233
SAAA18128,1234
SAAA18174,1235
SAAA18256,1236
SAAA18283,1237
SAAA18317,1238
SAAA18573,1239
SAAA18607,1240
SAAA18647,1241
SAAA18686,1242
SAAA18835,1243
SAAA19049,1244
SAAA19056,1245
SKDAA10711,1246
SKDAA10780,1247
SKDAA1110,1248
SKDAA11319,1249
SKDAA11351,1250
SKDAA11910,1251
SKDAA11972,1252
SKDAA11974,1253
SKDAA12106,1254
SKDAA12356,1255
SKDAA12367,1256
SKDAA12427,1257
SKDAA12565,1258
CCAA1794,1259
CCAA1818,1260
CCAA1929,1261
CCAA2044,1262
CCAA2186,1263
CCAA2297,1264
CCAA2321,1265
CCAA2613,1266
SAAA10936,1267
SAAA12823,1268
SAAA14314,1269
SAAA14421,1270
SAAA14532,1271
SAAA15988,1272
SAAA16268,1273
SAAA17508,1274
SAAA17748,1275
SAAA18303,1276
SAAA18583,1277
SAAA18592,1278
SAAA18795,1279
SAAA18879,1280
SAAA18967,1281
SAAA19053,1282
SAAA19067,1283
SAAA19121,1284
SAAA19194,1285
SKDAA11068,1286
SKDAA11703,1287
SKDAA11707,1288
SKDAA11943,1289
SKDAA12007,1290
SKDAA12177,1291
SKDAA12344,1292
SKDAA12368,1293
SKDAA12469,1294
SKDAA12490,1295
SKDAA12575,1296
SKDAA9622,1297
CCAA1692,1298
CCAA1797,1299
CCAA1806,1300
CCAA1960,1301
CCAA2019,1302
CCAA2035,1303
CCAA2167,1304
CCAA2178,1305
CCAA2185,1306
CCAA2326,1307
CCAA2402,1308
CCAA2464,1309
CCAA2485,1310
CCAA2504,1311
SAAA11985,1312
SAAA13084,1313
SAAA13313,1314
SAAA14258,1315
SAAA14516,1316
SAAA14698,1317
SAAA14823,1318
SAAA15974,1319
SAAA16543,1320
SAAA16977,1321
SAAA17191,1322
SAAA17321,1323
SAAA17774,1324
SAAA17892,1325
SAAA18031,1326
SAAA18280,1327
SAAA18564,1328
SAAA18799,1329
SAAA18950,1330
SAAA19048,1331
SKDAA10070,1332
SKDAA10302,1333
SKDAA11215,1334
SKDAA11651,1335
SKDAA11774,1336
SKDAA12015,1337
SKDAA12452,1338
SKDAA12484,1339
CCAA1802,1340
CCAA1962,1341
CCAA2042,1342
CCAA2072,1343
CCAA2241,1344
CCAA2344,1345
CCAA2358,1346
CCAA2382,1347
CCAA2428,1348
CCAA2481,1349
CCAA2527,1350
CCAA2529,1351
CCAA2542,1352
CCAA2614,1353
GWAA0259,1354
SAAA11385,1355
SAAA11964,1356
SAAA11973,1357
SAAA11983,1358
SAAA12820,1359
SAAA12830,1360
SAAA14821,1361
SAAA14822,1362
SAAA15270,1363
SAAA15660,1364
SAAA15809,1365
SAAA16291,1366
SAAA16726,1367
SAAA17505,1368
SAAA17743,1369
SAAA17779,1370
SAAA17817,1371
SAAA18266,1372
SAAA18275,1373
SAAA18577,1374
SAAA18578,1375
SAAA18609,1376
SAAA18689,1377
SAAA18707,1378
SAAA18714,1379
SAAA18844,1380
SAAA19021,1381
SAAA19057,1382
SAAA19169,1383
SAAA19241,1384
SKDAA10541,1385
SKDAA10613,1386
SKDAA11769,1387
SKDAA11952,1388
SKDAA12107,1389
SKDAA12311,1390
SKDAA12351,1391
SKDAA12365,1392
SKDAA12373,1393
SKDAA12486,1394
SKDAA9370,1395
SKDAA9615,1396
SKDAA9846,1397
CCAA1685,1398
CCAA1803,1399
CCAA2010,1400
CCAA2330,1401
CCAA2332,1402
CCAA2389,1403
CCAA2396,1404
CCAA2442,1405
CCAA2526,1406
CCAA2616,1407
SAAA12070,1408
SAAA13087,1409
SAAA14292,1410
SAAA14301,1411
SAAA15647,1412
SAAA16308,1413
SAAA16659,1414
SAAA16763,1415
SAAA16810,1416
SAAA17051,1417
SAAA17516,1418
SAAA17800,1419
SAAA17889,1420
SAAA17941,1421
SAAA17966,1422
SAAA18156,1423
SAAA18255,1424
SAAA18268,1425
SAAA18285,1426
SAAA18288,1427
SAAA18457,1428
SAAA18645,1429
SAAA18646,1430
SAAA18723,1431
SAAA18791,1432
SAAA19052,1433
SAAABL008,1434
SAAABL016,1435
SKDAA10707,1436
SKDAA11346,1437
SKDAA11627,1438
SKDAA11636,1439
SKDAA11706,1440
SKDAA11918,1441
SKDAA12018,1442
SKDAA12455,1443
SKDAA5063,1444
SKDAA9066,1445
CCAA1780,1446
CCAA2028,1447
CCAA2169,1448
CCAA2306,1449
CCAA2337,1450
CCAA2377,1451
CCAA2451,1452
CCAA2472,1453
CCAA2537,1454
SAAA11427,1455
SAAA11979,1456
SAAA12207,1457
SAAA13439,1458
SAAA13607,1459
SAAA14260,1460
SAAA14820,1461
SAAA14952,1462
SAAA15272,1463
SAAA15366,1464
SAAA15503,1465
SAAA15750,1466
SAAA15969,1467
SAAA16555,1468
SAAA16559,1469
SAAA16594,1470
SAAA16628,1471
SAAA16669,1472
SAAA16704,1473
SAAA17195,1474
SAAA17440,1475
SAAA17494,1476
SAAA17778,1477
SAAA17967,1478
SAAA18012,1479
SAAA18090,1480
SAAA18115,1481
SAAA18134,1482
SAAA18181,1483
SAAA18316,1484
SAAA18452,1485
SAAA18504,1486
SAAA18512,1487
SAAA18639,1488
SAAA18683,1489
SAAA18685,1490
SAAA18883,1491
SAAA18966,1492
SAAA18989,1493
SAAA19026,1494
SAAA19075,1495
SAAA19195,1496
SAAA19239,1497
SAAA7625,1498
SAAABL043,1499
SKDAA10689,1500
SKDAA11218,1501
SKDAA11294,1502
SKDAA11668,1503
SKDAA11696,1504
SKDAA11953,1505
SKDAA12115,1506
SKDAA12440,1507
SKDAA12494,1508
SKDAA9092,1509
SKDAA9098,1510
SKDAA9992,1511
CCAA2045,1512
CCAA2505,1513
CCAA2555,1514
CCAA2595,1515
GWAA0296,1516
SAAA12075,1517
SAAA12259,1518
SAAA12826,1519
SAAA13426,1520
SAAA14245,1521
SAAA14845,1522
SAAA15205,1523
SAAA15206,1524
SAAA15207,1525
SAAA15358,1526
SAAA15817,1527
SAAA16158,1528
SAAA16428,1529
SAAA16550,1530
SAAA16649,1531
SAAA16813,1532
SAAA16857,1533
SAAA16962,1534
SAAA16984,1535
SAAA17518,1536
SAAA17532,1537
SAAA17877,1538
SAAA17891,1539
SAAA17936,1540
SAAA18298,1541
SAAA18325,1542
SAAA18490,1543
SAAA18503,1544
SAAA18571,1545
SAAA18678,1546
SAAA18687,1547
SAAA18802,1548
SAAA19027,1549
SAAA19175,1550
SAAA19203,1551
SAAA19237,1552
SAAA19254,1553
SAAA9770,1554
SKDAA10227,1555
SKDAA10617,1556
SKDAA10618,1557
SKDAA10619,1558
SKDAA10710,1559
SKDAA10988,1560
SKDAA11089,1561
SKDAA11261,1562
SKDAA11389,1563
SKDAA11542,1564
SKDAA11945,1565
SKDAA11946,1566
SKDAA12008,1567
SKDAA12114,1568
SKDAA12467,1569
SKDAA12483,1570
SKDAA12500,1571
SKDAA5090,1572
SKDAA9354,1573
CCAA1810,1574
CCAA2030,1575
CCAA2050,1576
CCAA2164,1577
CCAA2171,1578
CCAA2264,1579
CCAA2309,1580
CCAA2319,1581
CCAA2390,1582
CCAA2431,1583
CCAA2602,1584
GWAA0298,1585
SAAA11095,1586
SAAA11967,1587
SAAA13285,1588
SAAA14316,1589
SAAA14430,1590
SAAA14431,1591
SAAA14519,1592
SAAA14827,1593
SAAA15203,1594
SAAA15367,1595
SAAA15619,1596
SAAA15822,1597
SAAA15965,1598
SAAA16233,1599
SAAA16273,1600
SAAA16592,1601
SAAA16738,1602
SAAA16779,1603
SAAA17299,1604
SAAA17776,1605
SAAA17827,1606
SAAA17940,1607
SAAA18116,1608
SAAA18124,1609
SAAA18218,1610
SAAA18394,1611
SAAA18602,1612
SAAA18641,1613
SAAA18717,1614
SAAA18747,1615
SAAA18848,1616
SAAA18849,1617
SAAA18874,1618
SAAA18947,1619
SAAA18961,1620
SAAA19072,1621
SAAA19179,1622
SAAA19250,1623
SAAABL007,1624
SAAABL011,1625
SKDAA10062,1626
SKDAA10066,1627
SKDAA10938,1628
SKDAA11217,1629
SKDAA11271,1630
SKDAA11305,1631
SKDAA11540,1632
SKDAA11545,1633
SKDAA11648,1634
SKDAA11901,1635
SKDAA11913,1636
SKDAA11927,1637
SKDAA11932,1638
SKDAA11968,1639
SKDAA11986,1640
SKDAA12355,1641
SKDAA12369,1642
SKDAA12529,1643
SKDAA12577,1644
SKDAA12588,1645
SKDAA8627,1646
SKDAA8707,1647
CCAA1795,1648
CCAA1808,1649
CCAA1815,1650
CCAA2162,1651
CCAA2163,1652
CCAA2181,1653
CCAA2183,1654
CCAA2320,1655
CCAA2336,1656
CCAA2338,1657
CCAA2403,1658
CCAA2435,1659
CCAA2534,1660
CCAA2556,1661
CCAA2599,1662
SAAA11199,1663
SAAA12328,1664
SAAA12816,1665
SAAA12819,1666
SAAA13176,1667
SAAA13507,1668
SAAA14003,1669
SAAA14297,1670
SAAA14518,1671
SAAA14950,1672
SAAA15500,1673
SAAA15816,1674
SAAA15967,1675
SAAA16091,1676
SAAA16220,1677
SAAA16324,1678
SAAA16463,1679
SAAA16668,1680
SAAA16993,1681
SAAA17065,1682
SAAA17194,1683
SAAA17501,1684
SAAA17647,1685
SAAA17757,1686
SAAA17781,1687
SAAA18100,1688
SAAA18117,1689
SAAA18136,1690
SAAA18209,1691
SAAA18282,1692
SAAA18307,1693
SAAA18447,1694
SAAA18524,1695
SAAA18569,1696
SAAA18570,1697
SAAA18580,1698
SAAA18590,1699
SAAA18595,1700
SAAA18640,1701
SAAA18649,1702
SAAA18657,1703
SAAA18671,1704
SAAA18688,1705
SAAA18690,1706
SAAA18941,1707
SAAA18988,1708
SAAA19007,1709
SAAA19070,1710
SAAA19122,1711
SAAA19197,1712
SAAA19248,1713
SAAA19255,1714
SKDAA0904,1715
SKDAA10688,1716
SKDAA11219,1717
SKDAA11258,1718
SKDAA11277,1719
SKDAA11382,1720
SKDAA11637,1721
SKDAA11644,1722
SKDAA11898,1723
SKDAA11923,1724
SKDAA11970,1725
SKDAA12005,1726
SKDAA12031,1727
SKDAA12090,1728
SKDAA12229,1729
SKDAA12302,1730
SKDAA12371,1731
SKDAA12587,1732
SKDAA9382,1733
SKDAA9963,1734
CCAA1777,1735
CCAA2043,1736
CCAA2119,1737
CCAA2180,1738
CCAA2299,1739
CCAA2457,1740
CCAA2476,1741
CCAA2492,1742
CCAA2503,1743
CCAA2544,1744
GWAA0275,1745
SAAA11414,1746
SAAA11790,1747
SAAA12814,1748
SAAA13196,1749
SAAA13912,1750
SAAA14068,1751
SAAA15141,1752
SAAA15344,1753
SAAA15356,1754
SAAA15429,1755
SAAA15445,1756
SAAA15665,1757
SAAA15858,1758
SAAA15977,1759
SAAA16311,1760
SAAA16446,1761
SAAA16634,1762
SAAA16883,1763
SAAA16980,1764
SAAA16990,1765
SAAA17298,1766
SAAA17308,1767
SAAA17746,1768
SAAA17830,1769
SAAA17850,1770
SAAA18027,1771
SAAA18119,1772
SAAA18150,1773
SAAA18160,1774
SAAA18220,1775
SAAA18227,1776
SAAA18229,1777
SAAA18263,1778
SAAA18292,1779
SAAA18314,1780
SAAA18398,1781
SAAA18506,1782
SAAA18565,1783
SAAA18596,1784
SAAA18704,1785
SAAA18738,1786
SAAA18944,1787
SAAA18945,1788
SAAA18962,1789
SAAA18979,1790
SAAA18987,1791
SAAA19013,1792
SAAA19019,1793
SAAA19024,1794
SAAA19047,1795
SAAA19068,1796
SAAA19196,1797
SAAA19244,1798
SAAA19251,1799
SAAA3898,1800
SAAA7655,1801
SKDAA11066,1802
SKDAA11622,1803
SKDAA11634,1804
SKDAA12009,1805
SKDAA12116,1806
SKDAA12180,1807
SKDAA12183,1808
SKDAA12337,1809
SKDAA12347,1810
SKDAA12426,1811
SKDAA12607,1812
SKDAA8709,1813
SKDAA9060,1814
SKDAA9062,1815
SKDAA9351,1816
SKDAA9819,1817
CCAA1816,1818
CCAA1820,1819
CCAA2173,1820
CCAA2187,1821
CCAA2296,1822
CCAA2300,1823
CCAA2301,1824
CCAA2463,1825
GWAA0209,1826
GWAA0291,1827
SAAA12829,1828
SAAA13475,1829
SAAA14256,1830
SAAA14424,1831
SAAA14433,1832
SAAA14526,1833
SAAA14603,1834
SAAA14799,1835
SAAA14828,1836
SAAA15346,1837
SAAA15360,1838
SAAA15509,1839
SAAA16315,1840
SAAA16468,1841
SAAA16471,1842
SAAA16954,1843
SAAA17067,1844
SAAA17193,1845
SAAA17812,1846
SAAA17928,1847
SAAA18021,1848
SAAA18123,1849
SAAA18154,1850
SAAA18165,1851
SAAA18180,1852
SAAA18216,1853
SAAA18270,1854
SAAA18387,1855
SAAA18576,1856
SAAA18612,1857
SAAA18801,1858
SAAA18803,1859
SAAA18847,1860
SAAA18968,1861
SAAA18972,1862
SAAA18986,1863
SAAA19186,1864
SAAA9947,1865
SAAABL004,1866
SAAABL006,1867
SKDAA10571,1868
SKDAA10621,1869
SKDAA11071,1870
SKDAA11222,1871
SKDAA11276,1872
SKDAA11624,1873
SKDAA11772,1874
SKDAA11899,1875
SKDAA11907,1876
SKDAA11920,1877
SKDAA11931,1878
SKDAA12342,1879
SKDAA12348,1880
SKDAA12573,1881
SKDAA9825,1882
SKDAA9997,1883
CCAA1653,1884
CCAA1792,1885
CCAA1946,1886
CCAA2343,1887
CCAA2474,1888
CCAA2541,1889
CCAA2598,1890
CCAA2608,1891
SAAA11974,1892
SAAA11978,1893
SAAA13170,1894
SAAA13378,1895
SAAA14428,1896
SAAA14531,1897
SAAA14690,1898
SAAA15441,1899
SAAA15482,1900
SAAA15510,1901
SAAA16309,1902
SAAA16312,1903
SAAA16434,1904
SAAA16466,1905
SAAA16629,1906
SAAA16959,1907
SAAA17186,1908
SAAA17317,1909
SAAA17409,1910
SAAA17445,1911
SAAA17449,1912
SAAA17859,1913
SAAA17933,1914
SAAA18152,1915
SAAA18182,1916
SAAA18311,1917
SAAA18377,1918
SAAA18582,1919
SAAA18584,1920
SAAA18644,1921
SAAA18877,1922
SAAA18881,1923
SAAA18971,1924
SAAA19022,1925
SAAABL023,1926
SKDAA10093,1927
SKDAA10709,1928
SKDAA10817,1929
SKDAA11268,1930
SKDAA11487,1931
SKDAA11544,1932
SKDAA11897,1933
SKDAA11902,1934
SKDAA11911,1935
SKDAA12011,1936
SKDAA12213,1937
SKDAA12466,1938
SKDAA12496,1939
SKDAA12567,1940
SKDAA9081,1941
SKDAA9619,1942
SKDAA9849,1943
CCAA1146,1944
CCAA1749,1945
CCAA1783,1946
CCAA1927,1947
CCAA1928,1948
CCAA1951,1949
CCAA2015,1950
CCAA2025,1951
CCAA2029,1952
CCAA2393,1953
CCAA2399,1954
CCAA2449,1955
CCAA2450,1956
CCAA2460,1957
CCAA2470,1958
CCAA2615,1959
GWAA0299,1960
SAAA11717,1961
SAAA11982,1962
SAAA12542,1963
SAAA12839,1964
SAAA13652,1965
SAAA13911,1966
SAAA14250,1967
SAAA14592,1968
SAAA14618,1969
SAAA14817,1970
SAAA15439,1971
SAAA15514,1972
SAAA15516,1973
SAAA16071,1974
SAAA16389,1975
SAAA16423,1976
SAAA16956,1977
SAAA16978,1978
SAAA17196,1979
SAAA17199,1980
SAAA17291,1981
SAAA17313,1982
SAAA17448,1983
SAAA17512,1984
SAAA18111,1985
SAAA18129,1986
SAAA18147,1987
SAAA18158,1988
SAAA18161,1989
SAAA18379,1990
SAAA18566,1991
SAAA18599,1992
SAAA18648,1993
SAAA18659,1994
SAAA18684,1995
SAAA18691,1996
SAAA18838,1997
SAAA18840,1998
SAAA18928,1999
