SKU,position
SKDAA10777,4000
SKDAA10811,4001
SKDAA10814,4002
SKDAA10816,4003
SKDAA10822,4004
SKDAA10823,4005
SKDAA10858,4006
SKDAA10888,4007
SKDAA10920,4008
SKDAA10921,4009
SKDAA10922,4010
SKDAA10924,4011
SKDAA10925,4012
SKDAA10926,4013
SKDAA10929,4014
SKDAA10931,4015
SKDAA10994,4016
SKDAA11013,4017
SKDAA11029,4018
SKDAA11038,4019
SKDAA11056,4020
SKDAA11070,4021
SKDAA11073,4022
SKDAA11199,4023
SKDAA11221,4024
SKDAA11267,4025
SKDAA11293,4026
SKDAA11314,4027
SKDAA11331,4028
SKDAA11336,4029
SKDAA11373,4030
SKDAA11379,4031
SKDAA11380,4032
SKDAA11384,4033
SKDAA11418,4034
SKDAA11425,4035
SKDAA11456,4036
SKDAA11461,4037
SKDAA11474,4038
SKDAA11476,4039
SKDAA11484,4040
SKDAA11489,4041
SKDAA11499,4042
SKDAA11503,4043
SKDAA11504,4044
SKDAA11506,4045
SKDAA11543,4046
SKDAA11609,4047
SKDAA11647,4048
SKDAA11652,4049
SKDAA11653,4050
SKDAA11689,4051
SKDAA11691,4052
SKDAA11698,4053
SKDAA11700,4054
SKDAA11725,4055
SKDAA11736,4056
SKDAA11777,4057
SKDAA11786,4058
SKDAA11791,4059
SKDAA11793,4060
SKDAA11873,4061
SKDAA11891,4062
SKDAA11894,4063
SKDAA11956,4064
SKDAA11971,4065
SKDAA11979,4066
SKDAA11993,4067
SKDAA11994,4068
SKDAA11998,4069
SKDAA11999,4070
SKDAA12013,4071
SKDAA12048,4072
SKDAA12068,4073
SKDAA12075,4074
SKDAA12077,4075
SKDAA12079,4076
SKDAA12082,4077
SKDAA12086,4078
SKDAA12095,4079
SKDAA12096,4080
SKDAA12102,4081
SKDAA12145,4082
SKDAA12147,4083
SKDAA12155,4084
SKDAA12156,4085
SKDAA12160,4086
SKDAA12162,4087
SKDAA12164,4088
SKDAA12167,4089
SKDAA12168,4090
SKDAA12171,4091
SKDAA12178,4092
SKDAA12188,4093
SKDAA12190,4094
SKDAA12194,4095
SKDAA12219,4096
SKDAA12251,4097
SKDAA12285,4098
SKDAA12292,4099
SKDAA12377,4100
SKDAA12435,4101
SKDAA12449,4102
SKDAA12453,4103
SKDAA12454,4104
SKDAA12497,4105
SKDAA12524,4106
SKDAA12528,4107
SKDAA12532,4108
SKDAA12560,4109
SKDAA12561,4110
SKDAA12562,4111
SKDAA12582,4112
SKDAA12585,4113
SKDAA12591,4114
SKDAA12606,4115
SKDAA12608,4116
SKDAA12651,4117
SKDAA12654,4118
SKDAA1487,4119
SKDAA1864,4120
SKDAA8626,4121
SKDAA8705,4122
SKDAA8745,4123
SKDAA8908,4124
SKDAA8923,4125
SKDAA8924,4126
SKDAA8925,4127
SKDAA8951,4128
SKDAA9021,4129
SKDAA9032,4130
SKDAA9046,4131
SKDAA9049,4132
SKDAA9068,4133
SKDAA9071,4134
SKDAA9077,4135
SKDAA9078,4136
SKDAA9082,4137
SKDAA9089,4138
SKDAA9111,4139
SKDAA9112,4140
SKDAA9114,4141
SKDAA9261,4142
SKDAA9265,4143
SKDAA9268,4144
SKDAA9269,4145
SKDAA9344,4146
SKDAA9345,4147
SKDAA9844,4148
SKDAA9845,4149
SKDAA9851,4150
SKDAA9852,4151
SKDAA9894,4152
SKDAA9909,4153
SKDAA9928,4154
SKDAA9961,4155
SKDAA9964,4156
SKDAA9965,4157
SKDAA9966,4158
SKDAA9970,4159
SKDAA9975,4160
SKDAA9976,4161
SKDAA9991,4162
SKDAA9994,4163
SKDAA9995,4164
111,4165
999,4166
CCAA0434,4167
CCAA0564,4168
CCAA1377,4169
CCAA1384,4170
CCAA1770,4171
CCAA2116,4172
CCAA2266,4173
CCAA2446,4174
CCAA2601,4175
CCAA2630,4176
CCAA2631,4177
CCAA2632,4178
CCAA2633,4179
CCAA2634,4180
CCAA2635,4181
CCAA2636,4182
CCAA2637,4183
CCAA2638,4184
CCAA2639,4185
CCAA2640,4186
CCAA2641,4187
CCAA2642,4188
GWAA0182,4189
GWAA0310,4190
KRTAA0001,4191
KRTAA0003,4192
KRTAA0009,4193
KRTAA0011,4194
KRTAA0020,4195
KRTAA0233,4196
KRTAA0235,4197
KRTAA0236,4198
KRTAA0245,4199
KRTAA0251,4200
KRTAA0255,4201
KRTAA0257,4202
KRTAA0277,4203
KRTAA0285,4204
KRTAA0287,4205
KRTAA0288,4206
KRTAA0332,4207
KRTAA0336,4208
KRTAA0337,4209
KRTAA0341,4210
SAAA10799,4211
SAAA11424,4212
SAAA11425,4213
SAAA11428,4214
SAAA12077,4215
SAAA12081,4216
SAAA12082,4217
SAAA12084,4218
SAAA12092,4219
SAAA12093,4220
SAAA12094,4221
SAAA12202,4222
SAAA12203,4223
SAAA12210,4224
SAAA12337,4225
SAAA12339,4226
SAAA12340,4227
SAAA12341,4228
SAAA12343,4229
SAAA12543,4230
SAAA12690,4231
SAAA12695,4232
SAAA12706,4233
SAAA12710,4234
SAAA12713,4235
SAAA13201,4236
SAAA13203,4237
SAAA13204,4238
SAAA13205,4239
SAAA13206,4240
SAAA13207,4241
SAAA13208,4242
SAAA13213,4243
SAAA13214,4244
SAAA13215,4245
SAAA13216,4246
SAAA13217,4247
SAAA13218,4248
SAAA13219,4249
SAAA13220,4250
SAAA13221,4251
SAAA13222,4252
SAAA13223,4253
SAAA13224,4254
SAAA13225,4255
SAAA13226,4256
SAAA13227,4257
SAAA13228,4258
SAAA13229,4259
SAAA13230,4260
SAAA13232,4261
SAAA13233,4262
SAAA13235,4263
SAAA13236,4264
SAAA13237,4265
SAAA13238,4266
SAAA13239,4267
SAAA13240,4268
SAAA13243,4269
SAAA13244,4270
SAAA13245,4271
SAAA13246,4272
SAAA13247,4273
SAAA13248,4274
SAAA13249,4275
SAAA13250,4276
SAAA13252,4277
SAAA13253,4278
SAAA13254,4279
SAAA13255,4280
SAAA13257,4281
SAAA13258,4282
SAAA13260,4283
SAAA13264,4284
SAAA13265,4285
SAAA13266,4286
SAAA13267,4287
SAAA13268,4288
SAAA13269,4289
SAAA13301,4290
SAAA13333,4291
SAAA13335,4292
SAAA13338,4293
SAAA13340,4294
SAAA13366,4295
SAAA13420,4296
SAAA13421,4297
SAAA13422,4298
SAAA13423,4299
SAAA13425,4300
SAAA13458,4301
SAAA13463,4302
SAAA13464,4303
SAAA13469,4304
SAAA13470,4305
SAAA13481,4306
SAAA13484,4307
SAAA13497,4308
SAAA13498,4309
SAAA13508,4310
SAAA13518,4311
SAAA13521,4312
SAAA13580,4313
SAAA13586,4314
SAAA13595,4315
SAAA13603,4316
SAAA13605,4317
SAAA13606,4318
SAAA13608,4319
SAAA13609,4320
SAAA13660,4321
SAAA13717,4322
SAAA13764,4323
SAAA13794,4324
SAAA13796,4325
SAAA13797,4326
SAAA13804,4327
SAAA13805,4328
SAAA13807,4329
SAAA13808,4330
SAAA13809,4331
SAAA13918,4332
SAAA13921,4333
SAAA13936,4334
SAAA13937,4335
SAAA13983,4336
SAAA13989,4337
SAAA13992,4338
SAAA14050,4339
SAAA14051,4340
SAAA14052,4341
SAAA14053,4342
SAAA14054,4343
SAAA14055,4344
SAAA14056,4345
SAAA14057,4346
SAAA14058,4347
SAAA14059,4348
SAAA14229,4349
SAAA14233,4350
SAAA14236,4351
SAAA14238,4352
SAAA14242,4353
SAAA14303,4354
SAAA14318,4355
SAAA14343,4356
SAAA14344,4357
SAAA14347,4358
SAAA14374,4359
SAAA14394,4360
SAAA14460,4361
SAAA14461,4362
SAAA14462,4363
SAAA14463,4364
SAAA14465,4365
SAAA14466,4366
SAAA14467,4367
SAAA14470,4368
SAAA14474,4369
SAAA14480,4370
SAAA14485,4371
SAAA14492,4372
SAAA14494,4373
SAAA14627,4374
SAAA14727,4375
SAAA14754,4376
SAAA14791,4377
SAAA14793,4378
SAAA14794,4379
SAAA14796,4380
SAAA14798,4381
SAAA14826,4382
SAAA14829,4383
SAAA14832,4384
SAAA14838,4385
SAAA14839,4386
SAAA14840,4387
SAAA14841,4388
SAAA14844,4389
SAAA14848,4390
SAAA14849,4391
SAAA14850,4392
SAAA14851,4393
SAAA14853,4394
SAAA14854,4395
SAAA14859,4396
SAAA14860,4397
SAAA14861,4398
SAAA14972,4399
SAAA15068,4400
SAAA15069,4401
SAAA15070,4402
SAAA15071,4403
SAAA15073,4404
SAAA15075,4405
SAAA15200,4406
SAAA15259,4407
SAAA15277,4408
SAAA15301,4409
SAAA15302,4410
SAAA15303,4411
SAAA15304,4412
SAAA15354,4413
SAAA15483,4414
SAAA15484,4415
SAAA15487,4416
SAAA15488,4417
SAAA15517,4418
SAAA15518,4419
SAAA15521,4420
SAAA15522,4421
SAAA15523,4422
SAAA15524,4423
SAAA15528,4424
SAAA15530,4425
SAAA15531,4426
SAAA15532,4427
SAAA15533,4428
SAAA15534,4429
SAAA15644,4430
SAAA15663,4431
SAAA15686,4432
SAAA15689,4433
SAAA15690,4434
SAAA15691,4435
SAAA15692,4436
SAAA15693,4437
SAAA15699,4438
SAAA15716,4439
SAAA15719,4440
SAAA15720,4441
SAAA15721,4442
SAAA15722,4443
SAAA15725,4444
SAAA15741,4445
SAAA15742,4446
SAAA15755,4447
SAAA15768,4448
SAAA15769,4449
SAAA15770,4450
SAAA15771,4451
SAAA15773,4452
SAAA15774,4453
SAAA15811,4454
SAAA15815,4455
SAAA15827,4456
SAAA15843,4457
SAAA15850,4458
SAAA15859,4459
SAAA15863,4460
SAAA15866,4461
SAAA16001,4462
SAAA16005,4463
SAAA16073,4464
SAAA16074,4465
SAAA16075,4466
SAAA16076,4467
SAAA16077,4468
SAAA16078,4469
SAAA16079,4470
SAAA16080,4471
SAAA16081,4472
SAAA16082,4473
SAAA16083,4474
SAAA16084,4475
SAAA16085,4476
SAAA16087,4477
SAAA16088,4478
SAAA16089,4479
SAAA16164,4480
SAAA16166,4481
SAAA16167,4482
SAAA16223,4483
SAAA16224,4484
SAAA16225,4485
SAAA16226,4486
SAAA16227,4487
SAAA16228,4488
SAAA16230,4489
SAAA16231,4490
SAAA16232,4491
SAAA16234,4492
SAAA16235,4493
SAAA16236,4494
SAAA16237,4495
SAAA16238,4496
SAAA16239,4497
SAAA16240,4498
SAAA16241,4499
SAAA16242,4500
SAAA16244,4501
SAAA16246,4502
SAAA16249,4503
SAAA16275,4504
SAAA16276,4505
SAAA16277,4506
SAAA16279,4507
SAAA16280,4508
SAAA16282,4509
SAAA16283,4510
SAAA16284,4511
SAAA16285,4512
SAAA16286,4513
SAAA16287,4514
SAAA16288,4515
SAAA16289,4516
SAAA16290,4517
SAAA16292,4518
SAAA16293,4519
SAAA16294,4520
SAAA16295,4521
SAAA16296,4522
SAAA16326,4523
SAAA16331,4524
SAAA16332,4525
SAAA16424,4526
SAAA16427,4527
SAAA16431,4528
SAAA16433,4529
SAAA16444,4530
SAAA16542,4531
SAAA16552,4532
SAAA16562,4533
SAAA16578,4534
SAAA16579,4535
SAAA16581,4536
SAAA16583,4537
SAAA16584,4538
SAAA16586,4539
SAAA16653,4540
SAAA16657,4541
SAAA16667,4542
SAAA16691,4543
SAAA16692,4544
SAAA16693,4545
SAAA16702,4546
SAAA16705,4547
SAAA16706,4548
SAAA16707,4549
SAAA16709,4550
SAAA16710,4551
SAAA16712,4552
SAAA16713,4553
SAAA16715,4554
SAAA16766,4555
SAAA16767,4556
SAAA16773,4557
SAAA16796,4558
SAAA16797,4559
SAAA16798,4560
SAAA16802,4561
SAAA16803,4562
SAAA16807,4563
SAAA16808,4564
SAAA16809,4565
SAAA16818,4566
SAAA16853,4567
SAAA16855,4568
SAAA16861,4569
SAAA16862,4570
SAAA16863,4571
SAAA16865,4572
SAAA16866,4573
SAAA16868,4574
SAAA16871,4575
SAAA16872,4576
SAAA16874,4577
SAAA16918,4578
SAAA16919,4579
SAAA16923,4580
SAAA16924,4581
SAAA16925,4582
SAAA16926,4583
SAAA16928,4584
SAAA16929,4585
SAAA16930,4586
SAAA16933,4587
SAAA16935,4588
SAAA16936,4589
SAAA16940,4590
SAAA16941,4591
SAAA16942,4592
SAAA16944,4593
SAAA16960,4594
SAAA16985,4595
SAAA16992,4596
SAAA16994,4597
SAAA17062,4598
SAAA17066,4599
SAAA17069,4600
SAAA17070,4601
SAAA17071,4602
SAAA17072,4603
SAAA17111,4604
SAAA17263,4605
SAAA17266,4606
SAAA17268,4607
SAAA17269,4608
SAAA17275,4609
SAAA17276,4610
SAAA17277,4611
SAAA17279,4612
SAAA17283,4613
SAAA17302,4614
SAAA17307,4615
SAAA17309,4616
SAAA17323,4617
SAAA17327,4618
SAAA17329,4619
SAAA17331,4620
SAAA17332,4621
SAAA17348,4622
SAAA17349,4623
SAAA17350,4624
SAAA17352,4625
SAAA17354,4626
SAAA17355,4627
SAAA17356,4628
SAAA17358,4629
SAAA17359,4630
SAAA17362,4631
SAAA17363,4632
SAAA17366,4633
SAAA17367,4634
SAAA17368,4635
SAAA17369,4636
SAAA17371,4637
SAAA17373,4638
SAAA17374,4639
SAAA17375,4640
SAAA17376,4641
SAAA17377,4642
SAAA17378,4643
SAAA17380,4644
SAAA17381,4645
SAAA17382,4646
SAAA17384,4647
SAAA17385,4648
SAAA17388,4649
SAAA17389,4650
SAAA17390,4651
SAAA17391,4652
SAAA17393,4653
SAAA17394,4654
SAAA17395,4655
SAAA17396,4656
SAAA17397,4657
SAAA17398,4658
SAAA17399,4659
SAAA17400,4660
SAAA17401,4661
SAAA17402,4662
SAAA17403,4663
SAAA17414,4664
SAAA17465,4665
SAAA17466,4666
SAAA17467,4667
SAAA17470,4668
SAAA17471,4669
SAAA17472,4670
SAAA17485,4671
SAAA17487,4672
SAAA17488,4673
SAAA17489,4674
SAAA17490,4675
SAAA17491,4676
SAAA17492,4677
SAAA17493,4678
SAAA17497,4679
SAAA17498,4680
SAAA17499,4681
SAAA17506,4682
SAAA17515,4683
SAAA17559,4684
SAAA17560,4685
SAAA17561,4686
SAAA17563,4687
SAAA17570,4688
SAAA17571,4689
SAAA17573,4690
SAAA17574,4691
SAAA17577,4692
SAAA17578,4693
SAAA17580,4694
SAAA17586,4695
SAAA17587,4696
SAAA17588,4697
SAAA17597,4698
SAAA17599,4699
SAAA17600,4700
SAAA17601,4701
SAAA17602,4702
SAAA17627,4703
SAAA17628,4704
SAAA17629,4705
SAAA17630,4706
SAAA17631,4707
SAAA17632,4708
SAAA17653,4709
SAAA17654,4710
SAAA17704,4711
SAAA17708,4712
SAAA17711,4713
SAAA17724,4714
SAAA17726,4715
SAAA17731,4716
SAAA17740,4717
SAAA17795,4718
SAAA17799,4719
SAAA17801,4720
SAAA17804,4721
SAAA17810,4722
SAAA17833,4723
SAAA17856,4724
SAAA17861,4725
SAAA17864,4726
SAAA17865,4727
SAAA17866,4728
SAAA17867,4729
SAAA17869,4730
SAAA17872,4731
SAAA17873,4732
SAAA17876,4733
SAAA17902,4734
SAAA17903,4735
SAAA17904,4736
SAAA17905,4737
SAAA17906,4738
SAAA17907,4739
SAAA17909,4740
SAAA17910,4741
SAAA17911,4742
SAAA17912,4743
SAAA17913,4744
SAAA17914,4745
SAAA17915,4746
SAAA17916,4747
SAAA17919,4748
SAAA17920,4749
SAAA17921,4750
SAAA17922,4751
SAAA17923,4752
SAAA17924,4753
SAAA17951,4754
SAAA17952,4755
SAAA17954,4756
SAAA17956,4757
SAAA17959,4758
SAAA17979,4759
SAAA17980,4760
SAAA17981,4761
SAAA17982,4762
SAAA17983,4763
SAAA17984,4764
SAAA17985,4765
SAAA17986,4766
SAAA17987,4767
SAAA17988,4768
SAAA17989,4769
SAAA17990,4770
SAAA17991,4771
SAAA17992,4772
SAAA17994,4773
SAAA17995,4774
SAAA17996,4775
SAAA17997,4776
SAAA17998,4777
SAAA17999,4778
SAAA18000,4779
SAAA18003,4780
SAAA18004,4781
SAAA18035,4782
SAAA18037,4783
SAAA18040,4784
SAAA18073,4785
SAAA18075,4786
SAAA18078,4787
SAAA18079,4788
SAAA18080,4789
SAAA18082,4790
SAAA18087,4791
SAAA18094,4792
SAAA18095,4793
SAAA18098,4794
SAAA18102,4795
SAAA18104,4796
SAAA18105,4797
SAAA18106,4798
SAAA18107,4799
SAAA18110,4800
SAAA18143,4801
SAAA18155,4802
SAAA18171,4803
SAAA18186,4804
SAAA18187,4805
SAAA18188,4806
SAAA18191,4807
SAAA18193,4808
SAAA18198,4809
SAAA18199,4810
SAAA18200,4811
SAAA18201,4812
SAAA18202,4813
SAAA18206,4814
SAAA18210,4815
SAAA18269,4816
SAAA18284,4817
SAAA18294,4818
SAAA18322,4819
SAAA18328,4820
SAAA18334,4821
SAAA18336,4822
SAAA18338,4823
SAAA18339,4824
SAAA18340,4825
SAAA18341,4826
SAAA18342,4827
SAAA18343,4828
SAAA18364,4829
SAAA18365,4830
SAAA18366,4831
SAAA18367,4832
SAAA18368,4833
SAAA18369,4834
SAAA18370,4835
SAAA18371,4836
SAAA18372,4837
SAAA18374,4838
SAAA18375,4839
SAAA18390,4840
SAAA18401,4841
SAAA18402,4842
SAAA18404,4843
SAAA18406,4844
SAAA18437,4845
SAAA18438,4846
SAAA18439,4847
SAAA18440,4848
SAAA18441,4849
SAAA18442,4850
SAAA18443,4851
SAAA18444,4852
SAAA18445,4853
SAAA18459,4854
SAAA18461,4855
SAAA18462,4856
SAAA18463,4857
SAAA18464,4858
SAAA18466,4859
SAAA18468,4860
SAAA18470,4861
SAAA18473,4862
SAAA18474,4863
SAAA18476,4864
SAAA18477,4865
SAAA18492,4866
SAAA18493,4867
SAAA18494,4868
SAAA18495,4869
SAAA18496,4870
SAAA18497,4871
SAAA18498,4872
SAAA18499,4873
SAAA18500,4874
SAAA18501,4875
SAAA18502,4876
SAAA18547,4877
SAAA18548,4878
SAAA18549,4879
SAAA18551,4880
SAAA18552,4881
SAAA18553,4882
SAAA18554,4883
SAAA18556,4884
SAAA18557,4885
SAAA18558,4886
SAAA18559,4887
SAAA18561,4888
SAAA18614,4889
SAAA18615,4890
SAAA18616,4891
SAAA18617,4892
SAAA18619,4893
SAAA18620,4894
SAAA18621,4895
SAAA18622,4896
SAAA18623,4897
SAAA18624,4898
SAAA18626,4899
SAAA18627,4900
SAAA18628,4901
SAAA18630,4902
SAAA18631,4903
SAAA18632,4904
SAAA18633,4905
SAAA18634,4906
SAAA18635,4907
SAAA18636,4908
SAAA18637,4909
SAAA18638,4910
SAAA18751,4911
SAAA18754,4912
SAAA18756,4913
SAAA18757,4914
SAAA18759,4915
SAAA18760,4916
SAAA18761,4917
SAAA18762,4918
SAAA18763,4919
SAAA18765,4920
SAAA18768,4921
SAAA18769,4922
SAAA18770,4923
SAAA18771,4924
SAAA18772,4925
SAAA18773,4926
SAAA18774,4927
SAAA18775,4928
SAAA18776,4929
SAAA18777,4930
SAAA18778,4931
SAAA18779,4932
SAAA18780,4933
SAAA18781,4934
SAAA18782,4935
SAAA18783,4936
SAAA18785,4937
SAAA18786,4938
SAAA18787,4939
SAAA18788,4940
SAAA18810,4941
SAAA18811,4942
SAAA18814,4943
SAAA18819,4944
SAAA18821,4945
SAAA18822,4946
SAAA18852,4947
SAAA18853,4948
SAAA18854,4949
SAAA18855,4950
SAAA18856,4951
SAAA18857,4952
SAAA18858,4953
SAAA18859,4954
SAAA18860,4955
SAAA18861,4956
SAAA18862,4957
SAAA18863,4958
SAAA18864,4959
SAAA18865,4960
SAAA18866,4961
SAAA18867,4962
SAAA18868,4963
SAAA18870,4964
SAAA18888,4965
SAAA18889,4966
SAAA18890,4967
SAAA18891,4968
SAAA18892,4969
SAAA18893,4970
SAAA18894,4971
SAAA18895,4972
SAAA18896,4973
SAAA18897,4974
SAAA18898,4975
SAAA18899,4976
SAAA18900,4977
SAAA18901,4978
SAAA18902,4979
SAAA18903,4980
SAAA18904,4981
SAAA18905,4982
SAAA18906,4983
SAAA18907,4984
SAAA18908,4985
SAAA18909,4986
SAAA18910,4987
SAAA18911,4988
SAAA18913,4989
SAAA18914,4990
SAAA18915,4991
SAAA18916,4992
SAAA18917,4993
SAAA18918,4994
SAAA18919,4995
SAAA18920,4996
SAAA18921,4997
SAAA18922,4998
SAAA18952,4999
SAAA18953,5000
SAAA18955,5001
SAAA18956,5002
SAAA18957,5003
SAAA18958,5004
SAAA18959,5005
SAAA18991,5006
SAAA18993,5007
SAAA18994,5008
SAAA18997,5009
SAAA18998,5010
SAAA18999,5011
SAAA19000,5012
SAAA19001,5013
SAAA19003,5014
SAAA19004,5015
SAAA19006,5016
SAAA19009,5017
SAAA19010,5018
SAAA19011,5019
SAAA19031,5020
SAAA19060,5021
SAAA19065,5022
SAAA19066,5023
SAAA19069,5024
SAAA19073,5025
SAAA19091,5026
SAAA19170,5027
SAAA19227,5028
SAAA19303,5029
SAAA19304,5030
SAAA19305,5031
SAAA19306,5032
SAAA19307,5033
SAAA19308,5034
SAAA19309,5035
SAAA19310,5036
SAAA19311,5037
SAAA19312,5038
SAAA19313,5039
SAAA19314,5040
SAAA19315,5041
SAAA19316,5042
SAAA19317,5043
SAAA19333,5044
SAAA19334,5045
SAAA19335,5046
SAAA19336,5047
SAAA19337,5048
SAAA19338,5049
SAAA19339,5050
SAAA19340,5051
SAAA19341,5052
SAAA19342,5053
SAAA19343,5054
SAAA19344,5055
SAAA19345,5056
SAAA19346,5057
SAAA19347,5058
SAAA19348,5059
SAAA19349,5060
SAAA19350,5061
SAAA19351,5062
SAAA19352,5063
SAAA19353,5064
SAAA19354,5065
SAAA19355,5066
SAAA19356,5067
SAAA19357,5068
SAAA19358,5069
SAAA19359,5070
SAAA19360,5071
SAAA19361,5072
SAAA19364,5073
SAAA19391,5074
SAAA19393,5075
SAAA19394,5076
SAAA19395,5077
SAAA19396,5078
SAAA19397,5079
SAAA19398,5080
SAAA2455,5081
SAAA2477,5082
SAAA3218,5083
SAAA4275,5084
SAAA4861,5085
SAAA5001,5086
SAAA5535,5087
SAAA5926,5088
SAAA6488,5089
SAAA6816,5090
SAAA7860,5091
SAAA8347,5092
SAAA8804,5093
SAAA9402,5094
SAAA9408,5095
SAAA9763,5096
SAAABL015,5097
SKDAA0676,5098
SKDAA0682,5099
SKDAA0703,5100
SKDAA10067,5101
SKDAA10084,5102
SKDAA10085,5103
SKDAA10086,5104
SKDAA10087,5105
SKDAA10088,5106
SKDAA10089,5107
SKDAA10091,5108
SKDAA10098,5109
SKDAA10099,5110
SKDAA10100,5111
SKDAA10101,5112
SKDAA10102,5113
SKDAA10103,5114
SKDAA10104,5115
SKDAA10105,5116
SKDAA10106,5117
SKDAA10141,5118
SKDAA10143,5119
SKDAA10209,5120
SKDAA10212,5121
SKDAA10213,5122
SKDAA10216,5123
SKDAA10217,5124
SKDAA10219,5125
SKDAA10220,5126
SKDAA10221,5127
SKDAA10224,5128
SKDAA10225,5129
SKDAA10230,5130
SKDAA10231,5131
SKDAA10263,5132
SKDAA10380,5133
SKDAA10381,5134
SKDAA10383,5135
SKDAA10477,5136
SKDAA10478,5137
SKDAA10479,5138
SKDAA10480,5139
SKDAA10481,5140
SKDAA10482,5141
SKDAA10483,5142
SKDAA10485,5143
SKDAA10486,5144
SKDAA10487,5145
SKDAA10488,5146
SKDAA10489,5147
SKDAA10584,5148
SKDAA10779,5149
SKDAA10919,5150
SKDAA10928,5151
SKDAA11026,5152
SKDAA11033,5153
SKDAA11206,5154
SKDAA11256,5155
SKDAA11295,5156
SKDAA11354,5157
SKDAA11383,5158
SKDAA11608,5159
SKDAA11655,5160
SKDAA11740,5161
SKDAA11742,5162
SKDAA11745,5163
SKDAA11767,5164
SKDAA11770,5165
SKDAA11784,5166
SKDAA11785,5167
SKDAA11789,5168
SKDAA11798,5169
SKDAA11800,5170
SKDAA11802,5171
SKDAA11892,5172
SKDAA11977,5173
SKDAA11987,5174
SKDAA11989,5175
SKDAA11992,5176
SKDAA11995,5177
SKDAA11997,5178
SKDAA12001,5179
SKDAA12071,5180
SKDAA12073,5181
SKDAA12074,5182
SKDAA12078,5183
SKDAA12089,5184
SKDAA12091,5185
SKDAA12099,5186
SKDAA12134,5187
SKDAA12135,5188
SKDAA12136,5189
SKDAA12137,5190
SKDAA12138,5191
SKDAA12139,5192
SKDAA12140,5193
SKDAA12141,5194
SKDAA12142,5195
SKDAA12143,5196
SKDAA12146,5197
SKDAA12148,5198
SKDAA12152,5199
SKDAA12153,5200
SKDAA12158,5201
SKDAA12159,5202
SKDAA12161,5203
SKDAA12166,5204
SKDAA12170,5205
SKDAA12172,5206
SKDAA12175,5207
SKDAA12176,5208
SKDAA12186,5209
SKDAA12227,5210
SKDAA12233,5211
SKDAA12235,5212
SKDAA12237,5213
SKDAA12238,5214
SKDAA12239,5215
SKDAA12240,5216
SKDAA12241,5217
SKDAA12242,5218
SKDAA12286,5219
SKDAA12287,5220
SKDAA12288,5221
SKDAA12289,5222
SKDAA12290,5223
SKDAA12291,5224
SKDAA12293,5225
SKDAA12294,5226
SKDAA12295,5227
SKDAA12297,5228
SKDAA12298,5229
SKDAA12299,5230
SKDAA12300,5231
SKDAA12316,5232
SKDAA12317,5233
SKDAA12318,5234
SKDAA12319,5235
SKDAA12320,5236
SKDAA12321,5237
SKDAA12322,5238
SKDAA12323,5239
SKDAA12324,5240
SKDAA12325,5241
SKDAA12326,5242
SKDAA12327,5243
SKDAA12328,5244
SKDAA12329,5245
SKDAA12330,5246
SKDAA12331,5247
SKDAA12332,5248
SKDAA12333,5249
SKDAA12334,5250
SKDAA12335,5251
SKDAA12336,5252
SKDAA12338,5253
SKDAA12339,5254
SKDAA12340,5255
SKDAA12341,5256
SKDAA12374,5257
SKDAA12375,5258
SKDAA12376,5259
SKDAA12378,5260
SKDAA12379,5261
SKDAA12380,5262
SKDAA12381,5263
SKDAA12382,5264
SKDAA12383,5265
SKDAA12385,5266
SKDAA12386,5267
SKDAA12388,5268
SKDAA12389,5269
SKDAA12390,5270
SKDAA12391,5271
SKDAA12392,5272
SKDAA12393,5273
SKDAA12394,5274
SKDAA12395,5275
SKDAA12396,5276
SKDAA12398,5277
SKDAA12399,5278
SKDAA12400,5279
SKDAA12401,5280
SKDAA12403,5281
SKDAA12404,5282
SKDAA12405,5283
SKDAA12413,5284
SKDAA12437,5285
SKDAA12438,5286
SKDAA12441,5287
SKDAA12442,5288
SKDAA12443,5289
SKDAA12498,5290
SKDAA12502,5291
SKDAA12525,5292
SKDAA12526,5293
SKDAA12527,5294
SKDAA12534,5295
SKDAA12535,5296
SKDAA12536,5297
SKDAA12537,5298
SKDAA12538,5299
SKDAA12539,5300
SKDAA12540,5301
SKDAA12541,5302
SKDAA12542,5303
SKDAA12543,5304
SKDAA12555,5305
SKDAA12558,5306
SKDAA12559,5307
SKDAA12570,5308
SKDAA12578,5309
SKDAA12580,5310
SKDAA12581,5311
SKDAA12583,5312
SKDAA12584,5313
SKDAA12590,5314
SKDAA12604,5315
SKDAA12605,5316
SKDAA12609,5317
SKDAA12610,5318
SKDAA12649,5319
SKDAA12650,5320
SKDAA12652,5321
SKDAA12653,5322
SKDAA12655,5323
SKDAA12656,5324
SKDAA12657,5325
SKDAA12658,5326
SKDAA12659,5327
SKDAA12660,5328
SKDAA12661,5329
SKDAA12662,5330
SKDAA12663,5331
SKDAA12664,5332
SKDAA12665,5333
SKDAA12666,5334
SKDAA12667,5335
SKDAA12668,5336
SKDAA12669,5337
SKDAA12670,5338
SKDAA12671,5339
SKDAA12672,5340
SKDAA12673,5341
SKDAA1483,5342
SKDAA1722,5343
SKDAA1848,5344
SKDAA2671,5345
SKDAA2833,5346
SKDAA3967,5347
SKDAA4083,5348
SKDAA4099,5349
SKDAA6100,5350
SKDAA6429,5351
SKDAA6472,5352
SKDAA7077,5353
SKDAA7082,5354
SKDAA7088,5355
SKDAA8364,5356
SKDAA8617,5357
SKDAA8618,5358
SKDAA8620,5359
SKDAA8623,5360
SKDAA8628,5361
SKDAA8629,5362
SKDAA8701,5363
SKDAA8742,5364
SKDAA8913,5365
SKDAA8919,5366
SKDAA9045,5367
SKDAA9067,5368
SKDAA9083,5369
SKDAA9084,5370
SKDAA9085,5371
SKDAA9115,5372
SKDAA9263,5373
SKDAA9266,5374
SKDAA9290,5375
SKDAA9408,5376
SKDAA9411,5377
SKDAA9534,5378
SKDAA9731,5379
SKDAA9734,5380
SKDAA9736,5381
SKDAA9738,5382
SKDAA9741,5383
SKDAA9855,5384
SKDAA9937,5385
SKDAA9938,5386
SKDAA9939,5387
SKDAA9940,5388
SKDAA9942,5389
SKDAA9943,5390
SKDAA9968,5391
SKDAA9969,5392
SKDAA9971,5393
SKDAA9978,5394
