sku,position
SAAA19954,4001
SAAA19966,4002
SAAA19973,4003
SAAA20010,4004
SAAA20011,4005
SAAA20016,4006
SAAA20040,4007
SAAA20058,4008
SAAA20084,4009
SAAA20086,4010
SAAA20089,4011
SAAA20121,4012
SAAA20122,4013
SAAA20125,4014
SAAA20185,4015
SAAA20323,4016
SAAA20358,4017
SAAA20364,4018
SAAA20365,4019
SAAA20411,4020
SAAA20413,4021
SAAA20417,4022
SAAA20421,4023
SAAA20422,4024
SAAA20426,4025
SAAA20427,4026
SAAA20428,4027
SAAA20447,4028
SAAA20449,4029
SAAA20462,4030
SAAA20473,4031
SAAA20476,4032
SAAA20490,4033
SAAA20493,4034
SAAA20494,4035
SAAA20495,4036
SAAA20498,4037
SAAA20502,4038
SAAA20504,4039
SAAA20510,4040
SAAA20516,4041
SAAA20544,4042
SAAA20550,4043
SAAA20569,4044
SAAA20597,4045
SAAA20604,4046
SAAA20607,4047
SAAA20612,4048
SAAA20613,4049
SAAA20614,4050
SAAA20619,4051
SAAA20620,4052
SAAA20621,4053
SAAA20714,4054
SAAA20717,4055
SAAA20722,4056
SAAA20754,4057
SAAA20757,4058
SAAA20772,4059
SAAA20775,4060
SAAA20786,4061
SAAA20799,4062
SAAA20800,4063
SAAA20803,4064
SAAA20806,4065
SAAA20809,4066
SAAA20810,4067
SAAA20812,4068
SAAA20817,4069
SAAA20821,4070
SAAA20851,4071
SAAA20852,4072
SAAA20855,4073
SAAA20860,4074
SAAA20861,4075
SAAA20870,4076
SAAA20872,4077
SAAA20891,4078
SAAA20898,4079
SAAA20899,4080
SAAA20902,4081
SAAA20903,4082
SAAA20934,4083
SAAA20943,4084
SAAA20956,4085
SAAA20962,4086
SAAA20972,4087
SAAA20973,4088
SAAA20978,4089
SAAA20987,4090
SAAA20990,4091
SAAA20991,4092
SAAA20998,4093
SAAA21003,4094
SAAA21005,4095
SAAA21006,4096
SAAA21008,4097
SAAA21023,4098
SAAA21028,4099
SAAA21041,4100
SAAA21053,4101
SAAA21054,4102
SAAA21055,4103
SAAA21106,4104
SAAA21124,4105
SAAA21125,4106
SAAA21130,4107
SAAA21173,4108
SAAA21189,4109
SAAA21192,4110
SAAA21198,4111
SAAA21200,4112
SAAA21202,4113
SAAA21203,4114
SAAA21205,4115
SAAA21211,4116
SAAA21232,4117
SAAA21235,4118
SAAA21237,4119
SAAA21238,4120
SAAA21243,4121
SAAA21245,4122
SAAA21264,4123
SAAA21274,4124
SAAA21281,4125
SAAA21300,4126
SAAA21301,4127
SAAA21312,4128
SAAA21317,4129
SAAA21323,4130
SAAA21324,4131
SAAA21332,4132
SAAA21335,4133
SAAA21341,4134
SAAA21343,4135
SAAA21352,4136
SAAA21355,4137
SAAA21380,4138
SAAA21388,4139
SAAA21391,4140
SAAA21396,4141
SAAA21397,4142
SAAA21400,4143
SAAA21403,4144
SAAA21410,4145
SAAA21418,4146
SAAA21434,4147
SAAA21444,4148
SAAA21491,4149
SAAA21492,4150
SAAA21494,4151
SAAA21499,4152
SAAA21501,4153
SAAA21502,4154
SAAA21506,4155
SAAA21515,4156
SAAA21523,4157
SAAA21531,4158
SAAA21535,4159
SAAA21553,4160
SAAA21569,4161
SAAA21581,4162
SAAA21583,4163
SAAA21584,4164
SAAA21589,4165
SAAA21595,4166
SAAA21599,4167
SAAA21606,4168
SAAA21609,4169
SAAA21613,4170
SAAA21615,4171
SAAA21616,4172
SAAA21619,4173
SAAA21648,4174
SAAA21649,4175
SAAA21682,4176
SAAA21684,4177
SAAA21686,4178
SAAA21718,4179
SAAA21720,4180
SAAA21724,4181
SAAA21731,4182
SAAA21737,4183
SAAA21749,4184
SAAA21754,4185
SAAA21755,4186
SAAA21756,4187
SAAA21765,4188
SAAA21767,4189
SAAA21772,4190
SAAA21775,4191
SAAA21786,4192
SAAA21794,4193
SAAA21797,4194
SAAA21810,4195
SAAA21814,4196
SAAA21815,4197
SAAA21817,4198
SAAA21818,4199
SAAA21840,4200
SAAA21842,4201
SAAA21858,4202
SAAA21894,4203
SAAA21918,4204
SAAA21921,4205
SAAA21932,4206
SAAA21957,4207
SAAA21959,4208
SAAA21960,4209
SAAA21975,4210
SAAA21983,4211
SAAA21985,4212
SAAA22002,4213
SAAA22046,4214
SAAA22054,4215
SAAA22072,4216
SAAA22080,4217
SAAA22091,4218
SAAA22094,4219
SAAA22097,4220
SAAA22106,4221
SAAA22107,4222
SAAA22170,4223
SAAA22210,4224
SAAA22212,4225
SAAA22213,4226
SAAA22217,4227
SAAA22233,4228
SAAA22243,4229
SAAA22244,4230
SAAA22247,4231
SAAA22248,4232
SAAA22263,4233
SAAA22271,4234
SAAA22273,4235
SAAA22277,4236
SAAA22278,4237
SAAA22280,4238
SAAA22308,4239
SAAA22324,4240
SAAA22325,4241
SAAA22333,4242
SAAA22341,4243
SAAA22345,4244
SAAA22347,4245
SAAA22350,4246
SAAA22351,4247
SAAA22352,4248
SAAA22353,4249
SAAA22354,4250
SAAA22361,4251
SAAA22367,4252
SAAA22371,4253
SAAA22372,4254
SAAA22373,4255
SAAA22378,4256
SAAA22381,4257
SAAA22383,4258
SAAA22387,4259
SAAA22390,4260
SAAA22392,4261
SAAA22393,4262
SAAA22400,4263
SAAA22415,4264
SAAA22417,4265
SAAA22424,4266
SAAA22425,4267
SAAA22435,4268
SAAA22438,4269
SAAA22447,4270
SAAA22450,4271
SAAA22456,4272
SAAA22475,4273
SAAA22488,4274
SAAA22517,4275
SAAA22525,4276
SAAA22530,4277
SAAA22533,4278
SAAA22539,4279
SAAA22558,4280
SAAA22560,4281
SAAA22570,4282
SAAA22572,4283
SAAA22573,4284
SAAA22574,4285
SAAA22575,4286
SAAA22579,4287
SAAA22582,4288
SAAA22598,4289
SAAA22612,4290
SAAA22646,4291
SAAA22664,4292
SAAA22665,4293
SAAA22667,4294
SAAA22668,4295
SAAA22671,4296
SAAA22677,4297
SAAA22680,4298
SAAA22695,4299
SAAA22701,4300
SAAA22705,4301
SAAA22719,4302
SAAA22720,4303
SAAA22723,4304
SAAA22726,4305
SAAA22728,4306
SAAA22739,4307
SAAA22742,4308
SAAA22743,4309
SAAA22744,4310
SAAA22748,4311
SAAA22749,4312
SAAA22755,4313
SAAA22760,4314
SAAA22804,4315
SAAA22820,4316
SAAA22833,4317
SAAA22835,4318
SAAA22840,4319
SAAA22841,4320
SAAA22843,4321
SAAA22844,4322
SAAA22845,4323
SAAA22869,4324
SAAA22871,4325
SAAA22874,4326
SAAA22908,4327
SAAA22912,4328
SAAA22913,4329
SAAA22920,4330
SAAA22922,4331
SAAA22928,4332
SAAA22929,4333
SAAA22939,4334
SAAA22940,4335
SAAA22944,4336
SAAA22945,4337
SAAA22947,4338
SAAA22949,4339
SAAA22954,4340
SAAA22956,4341
SAAA23026,4342
SAAA23042,4343
SAAA23049,4344
SAAA23051,4345
SAAA23055,4346
SAAA23056,4347
SAAA23057,4348
SAAA23059,4349
SAAA23061,4350
SAAA23063,4351
SAAA23070,4352
SAAA23075,4353
SAAA23080,4354
SAAA23090,4355
SAAA23095,4356
SAAA23099,4357
SAAA23105,4358
SAAA23109,4359
SAAA23125,4360
SAAA23131,4361
SAAA23132,4362
SAAA23136,4363
SAAA23137,4364
SAAA23143,4365
SAAA23182,4366
SAAA23184,4367
SAAA23190,4368
SAAA23193,4369
SAAA23200,4370
SAAA23208,4371
SAAA23209,4372
SAAA23222,4373
SAAA23237,4374
SAAA23242,4375
SAAA23327,4376
SAAA23332,4377
SAAA23335,4378
SAAA23337,4379
SAAA23338,4380
SAAA23342,4381
SAAA23347,4382
SAAA23349,4383
SAAA23357,4384
SAAA23369,4385
SAAA23374,4386
SAAA23392,4387
SAAA23395,4388
SAAA23396,4389
SAAA23399,4390
SAAA23400,4391
SAAA23403,4392
SAAA23461,4393
SAAA23471,4394
SAAA23472,4395
SAAA23475,4396
SAAA23476,4397
SAAA23477,4398
SAAA23478,4399
SAAA23479,4400
SAAA23486,4401
SAAA23489,4402
SAAA23492,4403
SAAA23493,4404
SAAA23494,4405
SAAA23496,4406
SAAA23498,4407
SAAA23499,4408
SAAA23500,4409
SAAA23503,4410
SAAA23505,4411
SAAA23508,4412
SAAA23509,4413
SAAA23520,4414
SAAA23521,4415
SAAA23526,4416
SAAA23539,4417
SAAA23629,4418
SAAA23637,4419
SAAA23641,4420
SAAA23650,4421
SAAA23656,4422
SAAA23669,4423
SAAA23670,4424
SAAA23673,4425
SAAA23674,4426
SAAA23675,4427
SAAA23676,4428
SAAA23678,4429
SAAA23681,4430
SAAA23682,4431
SAAA23683,4432
SAAA23686,4433
SAAA23690,4434
SAAA23696,4435
SAAA23701,4436
SAAA23725,4437
SAAA23734,4438
SAAA23736,4439
SAAA23740,4440
SAAA23752,4441
SAAA23757,4442
SAAA23797,4443
SAAA23808,4444
SAAA23810,4445
SAAA23812,4446
SAAA23827,4447
SAAA23835,4448
SAAA23896,4449
SAAA23897,4450
SAAA23900,4451
SAAA23903,4452
SAAA23948,4453
SAAA23953,4454
SAAA23990,4455
SAAA23995,4456
SAAA24007,4457
SAAA24008,4458
SAAA24010,4459
SAAA24019,4460
SAAA24026,4461
SAAA24032,4462
SAAA24034,4463
SAAA24035,4464
SAAA24036,4465
SAAA24038,4466
SAAA24042,4467
SAAA24043,4468
SAAA24048,4469
SAAA24051,4470
SAAABL015,4471
SAAABL018,4472
SAAABL019,4473
SAAABL020,4474
SAAABL025,4475
SAAABL035,4476
SKDAA10085,4477
SKDAA10087,4478
SKDAA10089,4479
SKDAA10144,4480
SKDAA10146,4481
SKDAA10152,4482
SKDAA10477,4483
SKDAA10586,4484
SKDAA10698,4485
SKDAA10854,4486
SKDAA11076,4487
SKDAA11547,4488
SKDAA11551,4489
SKDAA11630,4490
SKDAA11684,4491
SKDAA11687,4492
SKDAA11783,4493
SKDAA11785,4494
SKDAA11787,4495
SKDAA11860,4496
SKDAA11865,4497
SKDAA11902,4498
SKDAA11903,4499
SKDAA11967,4500
SKDAA11972,4501
SKDAA11975,4502
SKDAA12039,4503
SKDAA12044,4504
SKDAA12046,4505
SKDAA12202,4506
SKDAA12305,4507
SKDAA12381,4508
SKDAA12384,4509
SKDAA12456,4510
SKDAA12489,4511
SKDAA12564,4512
SKDAA12575,4513
SKDAA12587,4514
SKDAA12694,4515
SKDAA12697,4516
SKDAA12738,4517
SKDAA12746,4518
SKDAA12751,4519
SKDAA12756,4520
SKDAA12769,4521
SKDAA12772,4522
SKDAA12828,4523
SKDAA12831,4524
SKDAA12858,4525
SKDAA12920,4526
SKDAA12927,4527
SKDAA12928,4528
SKDAA12930,4529
SKDAA12931,4530
SKDAA12941,4531
SKDAA12945,4532
SKDAA12970,4533
SKDAA12977,4534
SKDAA12978,4535
SKDAA12979,4536
SKDAA12989,4537
SKDAA13021,4538
SKDAA13040,4539
SKDAA13063,4540
SKDAA13098,4541
SKDAA13121,4542
SKDAA13122,4543
SKDAA13135,4544
SKDAA13140,4545
SKDAA13143,4546
SKDAA13145,4547
SKDAA13148,4548
SKDAA13157,4549
SKDAA13158,4550
SKDAA13164,4551
SKDAA13168,4552
SKDAA13169,4553
SKDAA13210,4554
SKDAA13214,4555
SKDAA13252,4556
SKDAA13254,4557
SKDAA13260,4558
SKDAA13340,4559
SKDAA13392,4560
SKDAA13395,4561
SKDAA13414,4562
SKDAA13432,4563
SKDAA13456,4564
SKDAA13495,4565
SKDAA13528,4566
SKDAA13537,4567
SKDAA13546,4568
SKDAA13549,4569
SKDAA13592,4570
SKDAA13604,4571
SKDAA13608,4572
SKDAA13610,4573
SKDAA13612,4574
SKDAA13613,4575
SKDAA13650,4576
SKDAA13651,4577
SKDAA13670,4578
SKDAA13675,4579
SKDAA13688,4580
SKDAA13700,4581
SKDAA13707,4582
SKDAA13709,4583
SKDAA13710,4584
SKDAA13711,4585
SKDAA13712,4586
SKDAA13714,4587
SKDAA13715,4588
SKDAA13721,4589
SKDAA13723,4590
SKDAA13747,4591
SKDAA13756,4592
SKDAA13762,4593
SKDAA13769,4594
SKDAA13772,4595
SKDAA13777,4596
SKDAA13810,4597
SKDAA13811,4598
SKDAA13812,4599
SKDAA13813,4600
SKDAA13815,4601
SKDAA13816,4602
SKDAA13817,4603
SKDAA13820,4604
SKDAA13821,4605
SKDAA13822,4606
SKDAA13823,4607
SKDAA13826,4608
SKDAA13888,4609
SKDAA13889,4610
SKDAA13890,4611
SKDAA13891,4612
SKDAA13892,4613
SKDAA13894,4614
SKDAA13909,4615
SKDAA13911,4616
SKDAA13913,4617
SKDAA13914,4618
SKDAA13927,4619
SKDAA13928,4620
SKDAA13949,4621
SKDAA13951,4622
SKDAA13952,4623
SKDAA13953,4624
SKDAA13962,4625
SKDAA13976,4626
SKDAA13981,4627
SKDAA13983,4628
SKDAA13996,4629
SKDAA13997,4630
SKDAA13999,4631
SKDAA14003,4632
SKDAA14007,4633
SKDAA14036,4634
SKDAA14037,4635
SKDAA14038,4636
SKDAA14040,4637
SKDAA14046,4638
SKDAA14048,4639
SKDAA14057,4640
SKDAA14058,4641
SKDAA14062,4642
SKDAA14063,4643
SKDAA14069,4644
SKDAA14071,4645
SKDAA14082,4646
SKDAA14101,4647
SKDAA14110,4648
SKDAA14125,4649
SKDAA14201,4650
SKDAA14205,4651
SKDAA14207,4652
SKDAA14219,4653
SKDAA14220,4654
SKDAA14223,4655
SKDAA14232,4656
SKDAA14256,4657
SKDAA14274,4658
SKDAA14275,4659
SKDAA14281,4660
SKDAA14282,4661
SKDAA14285,4662
SKDAA14289,4663
SKDAA14301,4664
SKDAA14307,4665
SKDAA14316,4666
SKDAA14323,4667
SKDAA14327,4668
SKDAA14330,4669
SKDAA14346,4670
SKDAA14353,4671
SKDAA14363,4672
SKDAA14366,4673
SKDAA14370,4674
SKDAA14382,4675
SKDAA14383,4676
SKDAA14384,4677
SKDAA14387,4678
SKDAA14391,4679
SKDAA14393,4680
SKDAA14395,4681
SKDAA7088,4682
SKDAA8364,4683
SKDAA8745,4684
SKDAA9082,4685
SKDAA9290,4686
SKDAA9373,4687
SKDAA9711,4688
SKDAA9718,4689
SKDAA9914,4690
111,4691
999,4692
ACAA649,4693
ACAA650,4694
ACAA651,4695
ACAA655,4696
ACAA657,4697
ACAA673,4698
ACAA684,4699
ACAA686,4700
ACAA687,4701
ACAA688,4702
ACAA692,4703
ACAA693,4704
ACAA695,4705
ACAA696,4706
ACAA697,4707
ACAA699,4708
ACAA704,4709
ACAA705,4710
ACAA709,4711
ACAA711,4712
ACAA717,4713
ACAA719,4714
ACAA721,4715
ACAA722,4716
ACAA723,4717
ACAA728,4718
ACAA729,4719
ACAA734,4720
ACAA735,4721
ACAA739,4722
ACAA740,4723
ACAA745,4724
ACAA747,4725
ACAA751,4726
CCAA0014,4727
CCAA0015,4728
CCAA0021,4729
CCAA1953,4730
CCAA1956,4731
CCAA1957,4732
CCAA1958,4733
CCAA1959,4734
CCAA1960,4735
CCAA1961,4736
CCAA1962,4737
CCAA1965,4738
CCAA2006,4739
CCAA2476,4740
CCAA2538,4741
CCAA2540,4742
CCAA2632,4743
CCAA2635,4744
CCAA2636,4745
CCAA2637,4746
CCAA2641,4747
CCAA2821,4748
CCAA2823,4749
CCAA2825,4750
CCAA2949,4751
CCAA2975,4752
CCAA2976,4753
CCAA2978,4754
CCAA2981,4755
CCAA2984,4756
CCAA2986,4757
CCAA2987,4758
CCAA2990,4759
CCAA2993,4760
CCAA3057,4761
CCAA3088,4762
CCAA3110,4763
CCAA3112,4764
CCAA3199,4765
CCAA3202,4766
CCAA3203,4767
CCAA3205,4768
CCAA3206,4769
CCAA3208,4770
CCAA3209,4771
CCAA3219,4772
CCAA3220,4773
CCAA3222,4774
CCAA3225,4775
KIDSAA0034,4776
KIDSAA0036,4777
KIDSAA0038,4778
KIDSAA0047,4779
KIDSAA0080,4780
KIDSAA0081,4781
KIDSAA0082,4782
KIDSAA0083,4783
KIDSAA0084,4784
KIDSAA0085,4785
KIDSAA0086,4786
KIDSAA0087,4787
KIDSAA0088,4788
KIDSAA0089,4789
KIDSAA0090,4790
KIDSAA0091,4791
KIDSAA0092,4792
KIDSAA0094,4793
KIDSAA0095,4794
KIDSAA0105,4795
MNSAA0012,4796
MNSAA0013,4797
MNSAA0014,4798
MNSAA0016,4799
MNSAA0018,4800
MNSAA0019,4801
MNSAA0020,4802
MNSAA0021,4803
MNSAA0022,4804
MNSAA0023,4805
MNSAA0024,4806
MNSAA0027,4807
MNSAA0028,4808
MNSAA0029,4809
MNSAA0030,4810
MNSAA0031,4811
MNSAA0032,4812
MNSAA0033,4813
MNSAA0034,4814
MNSAA0035,4815
MNSAA0036,4816
MNSAA0037,4817
MNSAA0038,4818
MNSAA0039,4819
MNSAA0040,4820
MNSAA0041,4821
MNSAA0042,4822
MNSAA0043,4823
MNSAA0044,4824
MNSAA0046,4825
MNSAA0047,4826
MNSAA0048,4827
MNSAA0049,4828
MNSAA0050,4829
MNSAA0051,4830
MNSAA0052,4831
MNSAA0053,4832
MNSAA0054,4833
MNSAA0055,4834
MNSAA0056,4835
MNSAA0057,4836
MNSAA0059,4837
MNSAA0060,4838
MNSAA0061,4839
MNSAA0062,4840
MNSAA0063,4841
MNSAA0064,4842
SAAA0017,4843
SAAA0018,4844
SAAA0025,4845
SAAA0027,4846
SAAA0028,4847
SAAA0029,4848
SAAA0030,4849
SAAA0034,4850
SAAA0037,4851
SAAA12209,4852
SAAA12340,4853
SAAA12343,4854
SAAA13651,4855
SAAA13654,4856
SAAA13655,4857
SAAA13657,4858
SAAA13658,4859
SAAA13660,4860
SAAA13910,4861
SAAA13916,4862
SAAA13918,4863
SAAA13919,4864
SAAA13922,4865
SAAA13924,4866
SAAA13925,4867
SAAA13929,4868
SAAA13930,4869
SAAA13931,4870
SAAA13932,4871
SAAA13933,4872
SAAA13934,4873
SAAA13935,4874
SAAA13936,4875
SAAA14050,4876
SAAA14052,4877
SAAA14053,4878
SAAA14054,4879
SAAA14055,4880
SAAA14056,4881
SAAA14057,4882
SAAA14058,4883
SAAA14062,4884
SAAA14068,4885
SAAA14229,4886
SAAA14233,4887
SAAA14236,4888
SAAA14238,4889
SAAA14240,4890
SAAA14261,4891
SAAA14350,4892
SAAA14394,4893
SAAA14460,4894
SAAA14468,4895
SAAA14470,4896
SAAA14474,4897
SAAA14485,4898
SAAA15350,4899
SAAA15357,4900
SAAA15361,4901
SAAA15365,4902
SAAA15645,4903
SAAA15686,4904
SAAA15689,4905
SAAA15691,4906
SAAA15693,4907
SAAA15969,4908
SAAA15970,4909
SAAA15972,4910
SAAA15976,4911
SAAA16158,4912
SAAA16164,4913
SAAA16555,4914
SAAA16635,4915
SAAA16641,4916
SAAA16646,4917
SAAA16648,4918
SAAA16657,4919
SAAA16689,4920
SAAA16690,4921
SAAA16691,4922
SAAA16692,4923
SAAA16693,4924
SAAA16695,4925
SAAA16696,4926
SAAA16697,4927
SAAA16698,4928
SAAA16699,4929
SAAA16702,4930
SAAA16704,4931
SAAA16705,4932
SAAA16706,4933
SAAA16707,4934
SAAA16708,4935
SAAA16709,4936
SAAA16710,4937
SAAA16711,4938
SAAA16712,4939
SAAA16713,4940
SAAA16714,4941
SAAA16715,4942
SAAA16799,4943
SAAA16801,4944
SAAA16806,4945
SAAA16808,4946
SAAA16809,4947
SAAA16854,4948
SAAA16855,4949
SAAA16856,4950
SAAA16860,4951
SAAA16861,4952
SAAA16862,4953
SAAA16863,4954
SAAA16864,4955
SAAA16866,4956
SAAA16867,4957
SAAA16868,4958
SAAA16949,4959
SAAA16950,4960
SAAA16954,4961
SAAA16962,4962
SAAA16987,4963
SAAA17319,4964
SAAA17323,4965
SAAA17324,4966
SAAA17325,4967
SAAA17326,4968
SAAA17327,4969
SAAA17328,4970
SAAA17330,4971
SAAA17332,4972
SAAA17334,4973
SAAA17348,4974
SAAA17352,4975
SAAA17354,4976
SAAA17355,4977
SAAA17356,4978
SAAA17358,4979
SAAA17359,4980
SAAA17383,4981
SAAA17384,4982
SAAA17386,4983
SAAA17388,4984
SAAA17392,4985
SAAA17393,4986
SAAA17394,4987
SAAA17395,4988
SAAA17396,4989
SAAA17397,4990
SAAA17399,4991
SAAA17401,4992
SAAA17402,4993
SAAA17403,4994
SAAA17406,4995
SAAA17407,4996
SAAA17409,4997
SAAA17412,4998
SAAA17482,4999
SAAA17484,5000
SAAA17486,5001
SAAA17487,5002
SAAA17490,5003
SAAA17491,5004
SAAA17585,5005
SAAA17586,5006
SAAA17587,5007
SAAA17588,5008
SAAA17597,5009
SAAA17599,5010
SAAA17600,5011
SAAA17601,5012
SAAA17602,5013
SAAA17627,5014
SAAA17628,5015
SAAA17629,5016
SAAA17630,5017
SAAA17631,5018
SAAA17780,5019
SAAA17858,5020
SAAA17860,5021
SAAA17861,5022
SAAA17862,5023
SAAA17864,5024
SAAA17866,5025
SAAA17868,5026
SAAA17869,5027
SAAA17872,5028
SAAA17874,5029
SAAA17877,5030
SAAA17878,5031
SAAA17887,5032
SAAA17914,5033
SAAA17918,5034
SAAA17919,5035
SAAA17921,5036
SAAA17922,5037
SAAA17923,5038
SAAA17925,5039
SAAA17951,5040
SAAA17952,5041
SAAA17953,5042
SAAA17954,5043
SAAA17955,5044
SAAA17956,5045
SAAA17957,5046
SAAA17958,5047
SAAA17959,5048
SAAA17960,5049
SAAA17961,5050
SAAA17962,5051
SAAA17969,5052
SAAA17975,5053
SAAA17980,5054
SAAA17981,5055
SAAA17982,5056
SAAA17983,5057
SAAA17984,5058
SAAA17985,5059
SAAA17986,5060
SAAA17987,5061
SAAA17988,5062
SAAA18037,5063
SAAA18041,5064
SAAA18077,5065
SAAA18082,5066
SAAA18098,5067
SAAA18102,5068
SAAA18103,5069
SAAA18104,5070
SAAA18106,5071
SAAA18107,5072
SAAA18108,5073
SAAA18110,5074
SAAA18112,5075
SAAA18191,5076
SAAA18192,5077
SAAA18193,5078
SAAA18195,5079
SAAA18196,5080
SAAA18197,5081
SAAA18198,5082
SAAA18199,5083
SAAA18200,5084
SAAA18201,5085
SAAA18202,5086
SAAA18211,5087
SAAA18212,5088
SAAA18214,5089
SAAA18215,5090
SAAA18218,5091
SAAA18219,5092
SAAA18222,5093
SAAA18228,5094
SAAA18254,5095
SAAA18258,5096
SAAA18260,5097
SAAA18284,5098
SAAA18289,5099
SAAA18291,5100
SAAA18292,5101
SAAA18299,5102
SAAA18301,5103
SAAA18304,5104
SAAA18316,5105
SAAA18317,5106
SAAA18318,5107
SAAA18376,5108
SAAA18377,5109
SAAA18380,5110
SAAA18382,5111
SAAA18383,5112
SAAA18384,5113
SAAA18385,5114
SAAA18387,5115
SAAA18438,5116
SAAA18439,5117
SAAA18440,5118
SAAA18441,5119
SAAA18442,5120
SAAA18443,5121
SAAA18444,5122
SAAA18445,5123
SAAA18467,5124
SAAA18584,5125
SAAA18602,5126
SAAA18604,5127
SAAA18640,5128
SAAA18641,5129
SAAA18645,5130
SAAA18648,5131
SAAA18650,5132
SAAA18677,5133
SAAA18679,5134
SAAA18681,5135
SAAA18682,5136
SAAA18684,5137
SAAA18685,5138
SAAA18686,5139
SAAA18687,5140
SAAA18689,5141
SAAA18690,5142
SAAA18691,5143
SAAA18740,5144
SAAA18747,5145
SAAA18753,5146
SAAA18755,5147
SAAA18758,5148
SAAA18759,5149
SAAA18760,5150
SAAA18761,5151
SAAA18762,5152
SAAA18763,5153
SAAA18764,5154
SAAA18765,5155
SAAA18766,5156
SAAA18767,5157
SAAA18768,5158
SAAA18769,5159
SAAA18770,5160
SAAA18771,5161
SAAA18772,5162
SAAA18774,5163
SAAA18775,5164
SAAA18776,5165
SAAA18777,5166
SAAA18778,5167
SAAA18780,5168
SAAA18782,5169
SAAA18783,5170
SAAA18784,5171
SAAA18785,5172
SAAA18787,5173
SAAA18788,5174
SAAA18794,5175
SAAA18930,5176
SAAA18943,5177
SAAA18946,5178
SAAA18947,5179
SAAA18948,5180
SAAA18949,5181
SAAA18950,5182
SAAA18951,5183
SAAA18953,5184
SAAA18954,5185
SAAA18956,5186
SAAA18962,5187
SAAA18965,5188
SAAA18967,5189
SAAA18978,5190
SAAA18990,5191
SAAA18997,5192
SAAA18999,5193
SAAA19000,5194
SAAA19001,5195
SAAA19002,5196
SAAA19003,5197
SAAA19009,5198
SAAA19010,5199
SAAA19012,5200
SAAA19015,5201
SAAA19017,5202
SAAA19018,5203
SAAA19019,5204
SAAA19023,5205
SAAA19024,5206
SAAA19025,5207
SAAA19026,5208
SAAA19027,5209
SAAA19028,5210
SAAA19029,5211
SAAA19030,5212
SAAA19031,5213
SAAA19032,5214
SAAA19034,5215
SAAA19047,5216
SAAA19048,5217
SAAA19051,5218
SAAA19052,5219
SAAA19053,5220
SAAA19057,5221
SAAA19058,5222
SAAA19077,5223
SAAA19078,5224
SAAA19080,5225
SAAA19082,5226
SAAA19083,5227
SAAA19084,5228
SAAA19085,5229
SAAA19086,5230
SAAA19126,5231
SAAA19128,5232
SAAA19155,5233
SAAA19157,5234
SAAA19158,5235
SAAA19159,5236
SAAA19160,5237
SAAA19161,5238
SAAA19162,5239
SAAA19163,5240
SAAA19165,5241
SAAA19166,5242
SAAA19167,5243
SAAA19168,5244
SAAA19189,5245
SAAA19202,5246
SAAA19243,5247
SAAA19248,5248
SAAA19249,5249
SAAA19250,5250
SAAA19258,5251
SAAA19259,5252
SAAA19260,5253
SAAA19261,5254
SAAA19262,5255
SAAA19263,5256
SAAA19264,5257
SAAA19265,5258
SAAA19267,5259
SAAA19268,5260
SAAA19269,5261
SAAA19273,5262
SAAA19318,5263
SAAA19320,5264
SAAA19321,5265
SAAA19322,5266
SAAA19323,5267
SAAA19324,5268
SAAA19329,5269
SAAA19330,5270
SAAA19331,5271
SAAA19391,5272
SAAA19394,5273
SAAA19397,5274
SAAA19427,5275
SAAA19428,5276
SAAA19431,5277
SAAA19432,5278
SAAA19433,5279
SAAA19434,5280
SAAA19435,5281
SAAA19436,5282
SAAA19438,5283
SAAA19439,5284
SAAA19441,5285
SAAA19442,5286
SAAA19444,5287
SAAA19445,5288
SAAA19446,5289
SAAA19448,5290
SAAA19449,5291
SAAA19450,5292
SAAA19452,5293
SAAA19453,5294
SAAA19457,5295
SAAA19458,5296
SAAA19459,5297
SAAA19461,5298
SAAA19462,5299
SAAA19465,5300
SAAA19469,5301
SAAA19470,5302
SAAA19471,5303
SAAA19475,5304
SAAA19476,5305
SAAA19478,5306
SAAA19479,5307
SAAA19480,5308
SAAA19483,5309
SAAA19484,5310
SAAA19654,5311
SAAA19655,5312
SAAA19656,5313
SAAA19657,5314
SAAA19658,5315
SAAA19660,5316
SAAA19661,5317
SAAA19662,5318
SAAA19664,5319
SAAA19871,5320
SAAA19872,5321
SAAA19873,5322
SAAA19874,5323
SAAA19875,5324
SAAA19877,5325
SAAA19878,5326
SAAA19879,5327
SAAA19880,5328
SAAA19881,5329
SAAA19882,5330
SAAA19883,5331
SAAA19884,5332
SAAA19886,5333
SAAA19945,5334
SAAA19946,5335
SAAA19947,5336
SAAA19948,5337
SAAA19949,5338
SAAA19951,5339
SAAA19952,5340
SAAA19953,5341
SAAA20013,5342
SAAA20014,5343
SAAA20015,5344
SAAA20082,5345
SAAA20083,5346
SAAA20085,5347
SAAA20087,5348
SAAA20088,5349
SAAA20113,5350
SAAA20114,5351
SAAA20117,5352
SAAA20118,5353
SAAA20119,5354
SAAA20120,5355
SAAA20126,5356
SAAA20184,5357
SAAA20283,5358
SAAA20284,5359
SAAA20285,5360
SAAA20286,5361
SAAA20287,5362
SAAA20288,5363
SAAA20291,5364
SAAA20352,5365
SAAA20354,5366
SAAA20355,5367
SAAA20360,5368
SAAA20361,5369
SAAA20362,5370
SAAA20366,5371
SAAA20367,5372
SAAA20368,5373
SAAA20369,5374
SAAA20384,5375
SAAA20385,5376
SAAA20386,5377
SAAA20387,5378
SAAA20388,5379
SAAA20389,5380
SAAA20416,5381
SAAA20424,5382
SAAA20430,5383
SAAA20436,5384
SAAA20446,5385
SAAA20450,5386
SAAA20454,5387
SAAA20458,5388
SAAA20459,5389
SAAA20463,5390
SAAA20464,5391
SAAA20466,5392
SAAA20470,5393
SAAA20505,5394
SAAA20506,5395
SAAA20509,5396
SAAA20511,5397
SAAA20513,5398
SAAA20565,5399
SAAA20572,5400
SAAA20576,5401
SAAA20586,5402
SAAA20598,5403
SAAA20600,5404
SAAA20601,5405
SAAA20605,5406
SAAA20608,5407
SAAA20611,5408
SAAA20615,5409
SAAA20616,5410
SAAA20617,5411
SAAA20623,5412
SAAA20709,5413
SAAA20710,5414
SAAA20716,5415
SAAA20720,5416
SAAA20753,5417
SAAA20769,5418
SAAA20785,5419
SAAA20787,5420
SAAA20789,5421
SAAA20790,5422
SAAA20791,5423
SAAA20792,5424
SAAA20793,5425
SAAA20794,5426
SAAA20795,5427
SAAA20802,5428
SAAA20811,5429
SAAA20818,5430
SAAA20820,5431
SAAA20827,5432
SAAA20837,5433
SAAA20838,5434
SAAA20839,5435
SAAA20840,5436
SAAA20841,5437
SAAA20842,5438
SAAA20844,5439
SAAA20846,5440
SAAA20847,5441
SAAA20853,5442
SAAA20856,5443
SAAA20857,5444
SAAA20858,5445
SAAA20859,5446
SAAA20862,5447
SAAA20863,5448
SAAA20864,5449
SAAA20865,5450
SAAA20866,5451
SAAA20867,5452
SAAA20868,5453
SAAA20873,5454
SAAA20875,5455
SAAA20877,5456
SAAA20893,5457
SAAA20894,5458
SAAA20897,5459
SAAA20900,5460
SAAA20901,5461
SAAA20904,5462
SAAA20905,5463
SAAA20906,5464
SAAA20935,5465
SAAA20937,5466
SAAA20945,5467
SAAA20946,5468
SAAA20947,5469
SAAA20951,5470
SAAA20954,5471
SAAA20959,5472
SAAA20964,5473
SAAA20971,5474
SAAA20974,5475
SAAA20976,5476
SAAA20977,5477
SAAA20979,5478
SAAA20980,5479
SAAA20984,5480
SAAA20985,5481
SAAA20988,5482
SAAA21001,5483
SAAA21031,5484
SAAA21032,5485
SAAA21033,5486
SAAA21034,5487
SAAA21035,5488
SAAA21036,5489
SAAA21037,5490
SAAA21038,5491
SAAA21039,5492
SAAA21042,5493
SAAA21046,5494
SAAA21047,5495
SAAA21048,5496
SAAA21052,5497
SAAA21057,5498
SAAA21082,5499
SAAA21083,5500
SAAA21085,5501
SAAA21088,5502
SAAA21094,5503
SAAA21095,5504
SAAA21100,5505
SAAA21101,5506
SAAA21102,5507
SAAA21103,5508
SAAA21104,5509
SAAA21105,5510
SAAA21107,5511
SAAA21108,5512
SAAA21109,5513
SAAA21111,5514
SAAA21112,5515
SAAA21113,5516
SAAA21114,5517
SAAA21115,5518
SAAA21116,5519
SAAA21117,5520
SAAA21118,5521
SAAA21119,5522
SAAA21120,5523
SAAA21121,5524
SAAA21131,5525
SAAA21132,5526
SAAA21194,5527
SAAA21195,5528
SAAA21199,5529
SAAA21201,5530
SAAA21214,5531
SAAA21215,5532
SAAA21216,5533
SAAA21217,5534
SAAA21218,5535
SAAA21219,5536
SAAA21220,5537
SAAA21221,5538
SAAA21222,5539
SAAA21223,5540
SAAA21224,5541
SAAA21225,5542
SAAA21226,5543
SAAA21227,5544
SAAA21228,5545
SAAA21229,5546
SAAA21239,5547
SAAA21240,5548
SAAA21241,5549
SAAA21242,5550
SAAA21247,5551
SAAA21250,5552
SAAA21256,5553
SAAA21257,5554
SAAA21261,5555
SAAA21265,5556
SAAA21288,5557
SAAA21302,5558
SAAA21308,5559
SAAA21329,5560
SAAA21333,5561
SAAA21336,5562
SAAA21337,5563
SAAA21338,5564
SAAA21340,5565
SAAA21342,5566
SAAA21344,5567
SAAA21348,5568
SAAA21351,5569
SAAA21354,5570
SAAA21359,5571
SAAA21377,5572
SAAA21387,5573
SAAA21389,5574
SAAA21392,5575
SAAA21393,5576
SAAA21394,5577
SAAA21395,5578
SAAA21399,5579
SAAA21401,5580
SAAA21402,5581
SAAA21404,5582
SAAA21405,5583
SAAA21407,5584
SAAA21409,5585
SAAA21430,5586
SAAA21431,5587
SAAA21432,5588
SAAA21435,5589
SAAA21436,5590
SAAA21437,5591
SAAA21438,5592
SAAA21439,5593
SAAA21441,5594
SAAA21465,5595
SAAA21466,5596
SAAA21467,5597
SAAA21469,5598
SAAA21470,5599
SAAA21471,5600
SAAA21472,5601
SAAA21473,5602
SAAA21474,5603
SAAA21476,5604
SAAA21477,5605
SAAA21478,5606
SAAA21479,5607
SAAA21480,5608
SAAA21481,5609
SAAA21482,5610
SAAA21483,5611
SAAA21484,5612
SAAA21485,5613
SAAA21486,5614
SAAA21487,5615
SAAA21488,5616
SAAA21489,5617
SAAA21493,5618
SAAA21495,5619
SAAA21496,5620
SAAA21511,5621
SAAA21512,5622
SAAA21513,5623
SAAA21514,5624
SAAA21516,5625
SAAA21517,5626
SAAA21518,5627
SAAA21520,5628
SAAA21521,5629
SAAA21522,5630
SAAA21524,5631
SAAA21526,5632
SAAA21527,5633
SAAA21528,5634
SAAA21529,5635
SAAA21530,5636
SAAA21532,5637
SAAA21533,5638
SAAA21534,5639
SAAA21536,5640
SAAA21537,5641
SAAA21538,5642
SAAA21539,5643
SAAA21541,5644
SAAA21542,5645
SAAA21543,5646
SAAA21544,5647
SAAA21546,5648
SAAA21547,5649
SAAA21548,5650
SAAA21549,5651
SAAA21550,5652
SAAA21552,5653
SAAA21554,5654
SAAA21555,5655
SAAA21556,5656
SAAA21557,5657
SAAA21558,5658
SAAA21559,5659
SAAA21561,5660
SAAA21562,5661
SAAA21563,5662
SAAA21564,5663
SAAA21565,5664
SAAA21566,5665
SAAA21580,5666
SAAA21585,5667
SAAA21596,5668
SAAA21605,5669
SAAA21608,5670
SAAA21610,5671
SAAA21611,5672
SAAA21612,5673
SAAA21614,5674
SAAA21617,5675
SAAA21620,5676
SAAA21623,5677
SAAA21624,5678
SAAA21633,5679
SAAA21635,5680
SAAA21642,5681
SAAA21646,5682
SAAA21654,5683
SAAA21691,5684
SAAA21692,5685
SAAA21717,5686
SAAA21721,5687
SAAA21722,5688
SAAA21723,5689
SAAA21725,5690
SAAA21728,5691
SAAA21729,5692
SAAA21742,5693
SAAA21744,5694
SAAA21748,5695
SAAA21751,5696
SAAA21752,5697
SAAA21757,5698
SAAA21758,5699
SAAA21759,5700
SAAA21760,5701
SAAA21761,5702
SAAA21762,5703
SAAA21763,5704
SAAA21764,5705
SAAA21766,5706
SAAA21768,5707
SAAA21769,5708
SAAA21770,5709
SAAA21771,5710
SAAA21773,5711
SAAA21774,5712
SAAA21776,5713
SAAA21777,5714
SAAA21778,5715
SAAA21779,5716
SAAA21780,5717
SAAA21781,5718
SAAA21782,5719
SAAA21783,5720
SAAA21784,5721
SAAA21785,5722
SAAA21787,5723
SAAA21788,5724
SAAA21789,5725
SAAA21790,5726
SAAA21796,5727
SAAA21799,5728
SAAA21802,5729
SAAA21803,5730
SAAA21804,5731
SAAA21805,5732
SAAA21806,5733
SAAA21807,5734
SAAA21808,5735
SAAA21809,5736
SAAA21811,5737
SAAA21812,5738
SAAA21848,5739
SAAA21849,5740
SAAA21850,5741
SAAA21851,5742
SAAA21852,5743
SAAA21853,5744
SAAA21855,5745
SAAA21856,5746
SAAA21857,5747
SAAA21859,5748
SAAA21860,5749
SAAA21861,5750
SAAA21862,5751
SAAA21863,5752
SAAA21864,5753
SAAA21865,5754
SAAA21866,5755
SAAA21867,5756
SAAA21868,5757
SAAA21869,5758
SAAA21870,5759
SAAA21907,5760
SAAA21908,5761
SAAA21909,5762
SAAA21910,5763
SAAA21911,5764
SAAA21912,5765
SAAA21913,5766
SAAA21914,5767
SAAA21915,5768
SAAA21916,5769
SAAA21917,5770
SAAA21919,5771
SAAA21922,5772
SAAA21934,5773
SAAA21966,5774
SAAA22069,5775
SAAA22070,5776
SAAA22077,5777
SAAA22078,5778
SAAA22079,5779
SAAA22086,5780
SAAA22087,5781
SAAA22092,5782
SAAA22093,5783
SAAA22095,5784
SAAA22102,5785
SAAA22110,5786
SAAA22115,5787
SAAA22116,5788
SAAA22208,5789
SAAA22209,5790
SAAA22211,5791
SAAA22224,5792
SAAA22225,5793
SAAA22226,5794
SAAA22227,5795
SAAA22228,5796
SAAA22229,5797
SAAA22230,5798
SAAA22231,5799
SAAA22232,5800
SAAA22237,5801
SAAA22238,5802
SAAA22239,5803
SAAA22258,5804
SAAA22264,5805
SAAA22274,5806
SAAA22275,5807
SAAA22276,5808
SAAA22326,5809
SAAA22327,5810
SAAA22328,5811
SAAA22330,5812
SAAA22331,5813
SAAA22332,5814
SAAA22334,5815
SAAA22337,5816
SAAA22342,5817
SAAA22349,5818
SAAA22358,5819
SAAA22360,5820
SAAA22362,5821
SAAA22365,5822
SAAA22366,5823
SAAA22369,5824
SAAA22370,5825
SAAA22377,5826
SAAA22385,5827
SAAA22386,5828
SAAA22388,5829
SAAA22389,5830
SAAA22394,5831
SAAA22395,5832
SAAA22413,5833
SAAA22414,5834
SAAA22416,5835
SAAA22418,5836
SAAA22419,5837
SAAA22420,5838
SAAA22421,5839
SAAA22422,5840
SAAA22423,5841
SAAA22426,5842
SAAA22427,5843
SAAA22444,5844
SAAA22451,5845
SAAA22460,5846
SAAA22461,5847
SAAA22462,5848
SAAA22463,5849
SAAA22464,5850
SAAA22465,5851
SAAA22466,5852
SAAA22467,5853
SAAA22468,5854
SAAA22469,5855
SAAA22470,5856
SAAA22471,5857
SAAA22473,5858
SAAA22480,5859
SAAA22481,5860
SAAA22482,5861
SAAA22483,5862
SAAA22484,5863
SAAA22485,5864
SAAA22486,5865
SAAA22487,5866
SAAA22489,5867
SAAA22490,5868
SAAA22491,5869
SAAA22492,5870
SAAA22493,5871
SAAA22494,5872
SAAA22495,5873
SAAA22496,5874
SAAA22497,5875
SAAA22498,5876
SAAA22499,5877
SAAA22506,5878
SAAA22509,5879
SAAA22520,5880
SAAA22523,5881
SAAA22526,5882
SAAA22528,5883
SAAA22529,5884
SAAA22531,5885
SAAA22534,5886
SAAA22537,5887
SAAA22538,5888
SAAA22553,5889
SAAA22554,5890
SAAA22556,5891
SAAA22557,5892
SAAA22559,5893
SAAA22562,5894
SAAA22565,5895
SAAA22568,5896
SAAA22569,5897
SAAA22576,5898
SAAA22577,5899
SAAA22581,5900
SAAA22583,5901
SAAA22584,5902
SAAA22617,5903
SAAA22618,5904
SAAA22626,5905
SAAA22627,5906
SAAA22628,5907
SAAA22630,5908
SAAA22633,5909
SAAA22645,5910
SAAA22647,5911
SAAA22670,5912
SAAA22672,5913
SAAA22674,5914
SAAA22676,5915
SAAA22678,5916
SAAA22707,5917
SAAA22708,5918
SAAA22709,5919
SAAA22711,5920
SAAA22712,5921
SAAA22713,5922
SAAA22714,5923
SAAA22715,5924
SAAA22716,5925
SAAA22717,5926
SAAA22721,5927
SAAA22722,5928
SAAA22724,5929
SAAA22725,5930
SAAA22727,5931
SAAA22732,5932
SAAA22734,5933
SAAA22735,5934
SAAA22737,5935
SAAA22738,5936
SAAA22740,5937
SAAA22756,5938
SAAA22794,5939
SAAA22796,5940
SAAA22799,5941
SAAA22800,5942
SAAA22801,5943
SAAA22805,5944
SAAA22806,5945
SAAA22807,5946
SAAA22808,5947
SAAA22809,5948
SAAA22811,5949
SAAA22812,5950
SAAA22813,5951
SAAA22814,5952
SAAA22816,5953
SAAA22819,5954
SAAA22832,5955
SAAA22836,5956
SAAA22837,5957
SAAA22861,5958
SAAA22862,5959
SAAA22863,5960
SAAA22868,5961
SAAA22870,5962
SAAA22876,5963
SAAA22877,5964
SAAA22878,5965
SAAA22879,5966
SAAA22880,5967
SAAA22881,5968
SAAA22882,5969
SAAA22884,5970
SAAA22885,5971
SAAA22886,5972
SAAA22887,5973
SAAA22889,5974
SAAA22890,5975
SAAA22891,5976
SAAA22892,5977
SAAA22893,5978
SAAA22894,5979
SAAA22899,5980
SAAA22902,5981
SAAA22903,5982
SAAA22909,5983
SAAA22911,5984
SAAA22914,5985
SAAA22915,5986
SAAA22918,5987
SAAA22919,5988
SAAA22926,5989
SAAA22927,5990
SAAA22930,5991
SAAA22942,5992
SAAA22946,5993
SAAA22955,5994
SAAA23006,5995
SAAA23030,5996
SAAA23036,5997
SAAA23064,5998
SAAA23066,5999
SAAA23067,6000
SAAA23068,6001
SAAA23069,6002
SAAA23071,6003
SAAA23072,6004
SAAA23073,6005
SAAA23074,6006
SAAA23076,6007
SAAA23077,6008
SAAA23078,6009
SAAA23079,6010
SAAA23081,6011
SAAA23082,6012
SAAA23083,6013
SAAA23084,6014
SAAA23085,6015
SAAA23086,6016
SAAA23087,6017
SAAA23088,6018
SAAA23089,6019
SAAA23097,6020
SAAA23101,6021
SAAA23102,6022
SAAA23103,6023
SAAA23104,6024
SAAA23106,6025
SAAA23107,6026
SAAA23108,6027
SAAA23110,6028
SAAA23112,6029
SAAA23113,6030
SAAA23114,6031
SAAA23134,6032
SAAA23138,6033
SAAA23140,6034
SAAA23145,6035
SAAA23181,6036
SAAA23183,6037
SAAA23185,6038
SAAA23186,6039
SAAA23188,6040
SAAA23194,6041
SAAA23204,6042
SAAA23206,6043
SAAA23207,6044
SAAA23227,6045
SAAA23228,6046
SAAA23229,6047
SAAA23230,6048
SAAA23236,6049
SAAA23238,6050
SAAA23241,6051
SAAA23346,6052
SAAA23397,6053
SAAA23402,6054
SAAA23463,6055
SAAA23473,6056
SAAA23474,6057
SAAA23481,6058
SAAA23482,6059
SAAA23483,6060
SAAA23487,6061
SAAA23491,6062
SAAA23495,6063
SAAA23497,6064
SAAA23502,6065
SAAA23504,6066
SAAA23506,6067
SAAA23507,6068
SAAA23510,6069
SAAA23514,6070
SAAA23518,6071
SAAA23519,6072
SAAA23522,6073
SAAA23524,6074
SAAA23525,6075
SAAA23531,6076
SAAA23538,6077
SAAA23544,6078
SAAA23548,6079
SAAA23630,6080
SAAA23633,6081
SAAA23652,6082
SAAA23655,6083
SAAA23661,6084
SAAA23679,6085
SAAA23685,6086
SAAA23688,6087
SAAA23689,6088
SAAA23703,6089
SAAA23704,6090
SAAA23723,6091
SAAA23727,6092
SAAA23728,6093
SAAA23738,6094
SAAA23739,6095
SAAA23741,6096
SAAA23742,6097
SAAA23743,6098
SAAA23744,6099
SAAA23745,6100
SAAA23746,6101
SAAA23747,6102
SAAA23749,6103
SAAA23750,6104
SAAA23751,6105
SAAA23753,6106
SAAA23754,6107
SAAA23755,6108
SAAA23756,6109
SAAA23758,6110
SAAA23759,6111
SAAA23760,6112
SAAA23761,6113
SAAA23762,6114
SAAA23763,6115
SAAA23764,6116
SAAA23766,6117
SAAA23767,6118
SAAA23768,6119
SAAA23769,6120
SAAA23770,6121
SAAA23771,6122
SAAA23772,6123
SAAA23773,6124
SAAA23774,6125
SAAA23807,6126
SAAA23811,6127
SAAA23830,6128
SAAA23831,6129
SAAA23832,6130
SAAA23833,6131
SAAA23834,6132
SAAA23836,6133
SAAA23837,6134
SAAA23838,6135
SAAA23839,6136
SAAA23840,6137
SAAA23841,6138
SAAA23842,6139
SAAA23851,6140
SAAA23852,6141
SAAA23853,6142
SAAA23854,6143
SAAA23855,6144
SAAA23856,6145
SAAA23857,6146
SAAA23858,6147
SAAA23859,6148
SAAA23860,6149
SAAA23861,6150
SAAA23862,6151
SAAA23863,6152
SAAA23864,6153
SAAA23865,6154
SAAA23866,6155
SAAA23867,6156
SAAA23868,6157
SAAA23869,6158
SAAA23870,6159
SAAA23871,6160
SAAA23872,6161
SAAA23873,6162
SAAA23874,6163
SAAA23901,6164
SAAA23950,6165
SAAA23955,6166
SAAA23956,6167
SAAA24018,6168
SAAA24020,6169
SAAA24021,6170
SAAA24022,6171
SAAA24028,6172
SAAA24046,6173
SAAA24047,6174
SAAA24050,6175
SAAA24052,6176
SAAA24053,6177
SAAA24054,6178
SAAA24055,6179
SAAABL021,6180
SAAABL023,6181
SKDAA10086,6182
SKDAA10088,6183
SKDAA10090,6184
SKDAA10091,6185
SKDAA10153,6186
SKDAA10167,6187
SKDAA10170,6188
SKDAA10172,6189
SKDAA10212,6190
SKDAA10213,6191
SKDAA10215,6192
SKDAA10584,6193
SKDAA10694,6194
SKDAA11331,6195
SKDAA11336,6196
SKDAA11451,6197
SKDAA11546,6198
SKDAA11549,6199
SKDAA11552,6200
SKDAA11564,6201
SKDAA11656,6202
SKDAA11680,6203
SKDAA11773,6204
SKDAA11774,6205
SKDAA11817,6206
SKDAA11818,6207
SKDAA11851,6208
SKDAA11855,6209
SKDAA11857,6210
SKDAA11861,6211
SKDAA11862,6212
SKDAA11958,6213
SKDAA11971,6214
SKDAA11973,6215
SKDAA11977,6216
SKDAA11982,6217
SKDAA11987,6218
SKDAA12034,6219
SKDAA12036,6220
SKDAA12038,6221
SKDAA12130,6222
SKDAA12197,6223
SKDAA12199,6224
SKDAA12200,6225
SKDAA12201,6226
SKDAA12238,6227
SKDAA12240,6228
SKDAA12242,6229
SKDAA12286,6230
SKDAA12290,6231
SKDAA12293,6232
SKDAA12294,6233
SKDAA12295,6234
SKDAA12306,6235
SKDAA12334,6236
SKDAA12389,6237
SKDAA12491,6238
SKDAA12492,6239
SKDAA12577,6240
SKDAA12578,6241
SKDAA12579,6242
SKDAA12580,6243
SKDAA12581,6244
SKDAA12582,6245
SKDAA12583,6246
SKDAA12584,6247
SKDAA12588,6248
SKDAA12612,6249
SKDAA12614,6250
SKDAA12615,6251
SKDAA12616,6252
SKDAA12621,6253
SKDAA12625,6254
SKDAA12627,6255
SKDAA12628,6256
SKDAA12639,6257
SKDAA12644,6258
SKDAA12766,6259
SKDAA12770,6260
SKDAA12803,6261
SKDAA12809,6262
SKDAA12832,6263
SKDAA12834,6264
SKDAA12840,6265
SKDAA12845,6266
SKDAA12849,6267
SKDAA12857,6268
SKDAA12911,6269
SKDAA12925,6270
SKDAA12929,6271
SKDAA12936,6272
SKDAA12940,6273
SKDAA12942,6274
SKDAA12969,6275
SKDAA12971,6276
SKDAA12972,6277
SKDAA12974,6278
SKDAA12975,6279
SKDAA12976,6280
SKDAA12980,6281
SKDAA12981,6282
SKDAA12982,6283
SKDAA12983,6284
SKDAA12984,6285
SKDAA12985,6286
SKDAA12986,6287
SKDAA13015,6288
SKDAA13045,6289
SKDAA13084,6290
SKDAA13096,6291
SKDAA13119,6292
SKDAA13126,6293
SKDAA13129,6294
SKDAA13141,6295
SKDAA13142,6296
SKDAA13159,6297
SKDAA13160,6298
SKDAA13161,6299
SKDAA13162,6300
SKDAA13212,6301
SKDAA13216,6302
SKDAA13218,6303
SKDAA13243,6304
SKDAA13244,6305
SKDAA13245,6306
SKDAA13255,6307
SKDAA13259,6308
SKDAA13261,6309
SKDAA13285,6310
SKDAA13362,6311
SKDAA13364,6312
SKDAA13381,6313
SKDAA13382,6314
SKDAA13463,6315
SKDAA13483,6316
SKDAA13485,6317
SKDAA13492,6318
SKDAA13514,6319
SKDAA13532,6320
SKDAA13533,6321
SKDAA13534,6322
SKDAA13538,6323
SKDAA13539,6324
SKDAA13540,6325
SKDAA13541,6326
SKDAA13542,6327
SKDAA13545,6328
SKDAA13547,6329
SKDAA13548,6330
SKDAA13550,6331
SKDAA13551,6332
SKDAA13552,6333
SKDAA13553,6334
SKDAA13605,6335
SKDAA13606,6336
SKDAA13607,6337
SKDAA13609,6338
SKDAA13614,6339
SKDAA13615,6340
SKDAA13616,6341
SKDAA13619,6342
SKDAA13679,6343
SKDAA13680,6344
SKDAA13681,6345
SKDAA13683,6346
SKDAA13704,6347
SKDAA13716,6348
SKDAA13725,6349
SKDAA13727,6350
SKDAA13767,6351
SKDAA13771,6352
SKDAA13833,6353
SKDAA13884,6354
SKDAA13885,6355
SKDAA13886,6356
SKDAA13887,6357
SKDAA13897,6358
SKDAA13898,6359
SKDAA13915,6360
SKDAA13916,6361
SKDAA13917,6362
SKDAA13918,6363
SKDAA13920,6364
SKDAA13937,6365
SKDAA13938,6366
SKDAA13943,6367
SKDAA13944,6368
SKDAA13954,6369
SKDAA13957,6370
SKDAA13958,6371
SKDAA13973,6372
SKDAA13974,6373
SKDAA13998,6374
SKDAA14041,6375
SKDAA14042,6376
SKDAA14043,6377
SKDAA14044,6378
SKDAA14045,6379
SKDAA14050,6380
SKDAA14060,6381
SKDAA14061,6382
SKDAA14064,6383
SKDAA14065,6384
SKDAA14067,6385
SKDAA14070,6386
SKDAA14072,6387
SKDAA14073,6388
SKDAA14080,6389
SKDAA14081,6390
SKDAA14094,6391
SKDAA14095,6392
SKDAA14096,6393
SKDAA14097,6394
SKDAA14099,6395
SKDAA14100,6396
SKDAA14103,6397
SKDAA14105,6398
SKDAA14107,6399
SKDAA14108,6400
SKDAA14111,6401
SKDAA14206,6402
SKDAA14208,6403
SKDAA14209,6404
SKDAA14210,6405
SKDAA14215,6406
SKDAA14221,6407
SKDAA14225,6408
SKDAA14252,6409
SKDAA14253,6410
SKDAA14254,6411
SKDAA14257,6412
SKDAA14271,6413
SKDAA14277,6414
SKDAA14280,6415
SKDAA14286,6416
SKDAA14317,6417
SKDAA14318,6418
SKDAA14322,6419
SKDAA14326,6420
SKDAA14328,6421
SKDAA14344,6422
SKDAA14348,6423
SKDAA14350,6424
SKDAA14351,6425
SKDAA14374,6426
SKDAA14375,6427
SKDAA14378,6428
SKDAA14379,6429
SKDAA14381,6430
SKDAA14385,6431
SKDAA14386,6432
SKDAA14388,6433
SKDAA14389,6434
SKDAA14390,6435
SKDAA14392,6436
SKDAA14394,6437
SKDAA14396,6438
SKDAA14397,6439
SKDAA7077,6440
SKDAA7082,6441
SKDAA8748,6442
SKDAA9078,6443
SKDAA9084,6444
SKDAA9085,6445
SKDAA9111,6446
SKDAA9116,6447
SKDAA9374,6448
