<?xml version="1.0"?>
<!--
/**
 * Copyright © MageWorx. All rights reserved.
 * See LICENSE.txt for license details.
 */
 -->
<config xmlns:xsi="http://www.w3.org/2001/XMLSchema-instance" xsi:noNamespaceSchemaLocation="urn:magento:framework:ObjectManager/etc/config.xsd">
    <type name="Magento\Sales\Block\Adminhtml\Order\View\Items\Renderer\DefaultRenderer">
        <plugin name="afterGetColumns" type="MageWorx\OrderEditor\Plugin\Block\Sales\Adminhtml\Order\View\Items\DefaultRenderer"/>
    </type>
    <type name="Magento\Bundle\Block\Adminhtml\Sales\Order\View\Items\Renderer">
        <plugin name="beforeToHtml" type="MageWorx\OrderEditor\Plugin\Block\Sales\Adminhtml\Order\View\Items\BundleRenderer"/>
    </type>

    <!-- Api preferences -->
    <preference for="MageWorx\OrderEditor\Api\CustomerInterface" type="MageWorx\OrderEditor\Model\Customer"/>
    <preference for="MageWorx\OrderEditor\Api\TaxManagerInterface" type="MageWorx\OrderEditor\Model\TaxManager"/>
    <preference for="MageWorx\OrderEditor\Api\OrderRepositoryInterface" type="MageWorx\OrderEditor\Model\Order\OrderRepository"/>
    <preference for="MageWorx\OrderEditor\Api\QuoteRepositoryInterface" type="MageWorx\OrderEditor\Model\Quote\QuoteRepository"/>
    <preference for="MageWorx\OrderEditor\Api\QuoteItemRepositoryInterface" type="MageWorx\OrderEditor\Model\Quote\QuoteItemRepository"/>
    <preference for="MageWorx\OrderEditor\Api\QuoteAddressRepositoryInterface" type="MageWorx\OrderEditor\Model\Quote\QuoteAddressRepository"/>
    <preference for="MageWorx\OrderEditor\Api\OrderItemRepositoryInterface" type="MageWorx\OrderEditor\Model\Order\OrderItemRepository"/>
    <preference for="MageWorx\OrderEditor\Api\Data\OrderItemSearchResultInterface" type="MageWorx\OrderEditor\Model\ResourceModel\Order\Item\Collection"/>

    <type name="Magento\Framework\View\Element\UiComponent\DataProvider\CollectionFactory">
        <arguments>
            <argument name="collections" xsi:type="array">
                <item name="ordereditor_select_customer_listing_data_source" xsi:type="string">Magento\Customer\Model\ResourceModel\Grid\Collection</item>
            </argument>
        </arguments>
    </type>

    <!-- Fields which must be transferred to the quote address after saving order address (edit order address) -->
    <type name="MageWorx\OrderEditor\Model\Address">
        <arguments>
            <argument name="dataKeysToUpdate" xsi:type="array">
                <item name="region_id" xsi:type="string">region_id</item>
                <item name="fax" xsi:type="string">fax</item>
                <item name="region" xsi:type="string">region</item>
                <item name="postcode" xsi:type="string">postcode</item>
                <item name="lastname" xsi:type="string">lastname</item>
                <item name="street" xsi:type="string">street</item>
                <item name="city" xsi:type="string">city</item>
                <item name="email" xsi:type="string">email</item>
                <item name="telephone" xsi:type="string">telephone</item>
                <item name="country_id" xsi:type="string">country_id</item>
                <item name="firstname" xsi:type="string">firstname</item>
                <item name="prefix" xsi:type="string">prefix</item>
                <item name="middlename" xsi:type="string">middlename</item>
                <item name="suffix" xsi:type="string">suffix</item>
                <item name="company" xsi:type="string">company</item>
                <item name="vat_id" xsi:type="string">vat_id</item>
            </argument>
        </arguments>
    </type>

    <!-- Payment Method Facade configuration -->
    <type name="MageWorx\OrderEditor\Gateway\PaymentFacade">
        <arguments>
            <argument name="code" xsi:type="const">MageWorx\OrderEditor\Model\Ui\ConfigProvider::CODE</argument>
            <argument name="formBlockType" xsi:type="string">Magento\Payment\Block\Form</argument>
            <argument name="infoBlockType" xsi:type="string">MageWorx\OrderEditor\Block\Info</argument>
            <argument name="valueHandlerPool" xsi:type="object">MageWorxOrderEditorPaymentGatewayValueHandlerPool</argument>
            <argument name="commandPool" xsi:type="object">MageWorxOrderEditorPaymentGatewayCommandPool</argument>
        </arguments>
    </type>

    <!-- Configuration reader -->
    <virtualType name="MageWorxOrderEditorPaymentGatewayConfig" type="Magento\Payment\Gateway\Config\Config">
        <arguments>
            <argument name="methodCode" xsi:type="const">\MageWorx\OrderEditor\Model\Ui\ConfigProvider::CODE</argument>
        </arguments>
    </virtualType>

    <!-- Logger, initialized with MageWorxOrderEditorPaymentGatewayConfig -->
    <virtualType name="MageWorxOrderEditorPaymentGatewayLogger" type="Magento\Payment\Model\Method\Logger">
        <arguments>
            <argument name="config" xsi:type="object">MageWorxOrderEditorPaymentGatewayConfig</argument>
        </arguments>
    </virtualType>

    <type name="MageWorx\OrderEditor\Gateway\Http\Client\ClientMock">
        <arguments>
            <argument name="logger" xsi:type="object">MageWorxOrderEditorPaymentGatewayLogger</argument>
        </arguments>
    </type>

    <!-- Commands infrastructure -->
    <virtualType name="MageWorxOrderEditorPaymentGatewayCommandPool" type="Magento\Payment\Gateway\Command\CommandPool">
        <arguments>
            <argument name="commands" xsi:type="array">
                <item name="authorize" xsi:type="string">MageWorxOrderEditorPaymentGatewayAuthorizeCommand</item>
                <item name="capture" xsi:type="string">MageWorxOrderEditorPaymentGatewayCaptureCommand</item>
                <item name="void" xsi:type="string">MageWorxOrderEditorPaymentGatewayVoidCommand</item>
            </argument>
        </arguments>
    </virtualType>

    <!-- Authorize command -->
    <virtualType name="MageWorxOrderEditorPaymentGatewayAuthorizeCommand" type="Magento\Payment\Gateway\Command\GatewayCommand">
        <arguments>
            <argument name="requestBuilder" xsi:type="object">MageWorxOrderEditorPaymentGatewayAuthorizationRequest</argument>
            <argument name="handler" xsi:type="object">MageWorxOrderEditorPaymentGatewayResponseHandlerComposite</argument>
            <argument name="transferFactory" xsi:type="object">MageWorx\OrderEditor\Gateway\Http\TransferFactory</argument>
            <argument name="client" xsi:type="object">MageWorx\OrderEditor\Gateway\Http\Client\ClientMock</argument>
        </arguments>
    </virtualType>

    <!-- Authorization Request -->
    <virtualType name="MageWorxOrderEditorPaymentGatewayAuthorizationRequest" type="Magento\Payment\Gateway\Request\BuilderComposite">
        <arguments>
            <argument name="builders" xsi:type="array">
                <item name="transaction" xsi:type="string">MageWorx\OrderEditor\Gateway\Request\AuthorizationRequest</item>
                <item name="mockData" xsi:type="string">MageWorx\OrderEditor\Gateway\Request\MockDataRequest</item>
            </argument>
        </arguments>
    </virtualType>
    <type name="MageWorx\OrderEditor\Gateway\Request\AuthorizationRequest">
        <arguments>
            <argument name="config" xsi:type="object">MageWorxOrderEditorPaymentGatewayConfig</argument>
        </arguments>
    </type>

    <!-- Capture command -->
    <virtualType name="MageWorxOrderEditorPaymentGatewayCaptureCommand" type="Magento\Payment\Gateway\Command\GatewayCommand">
        <arguments>
            <argument name="requestBuilder" xsi:type="object">MageWorx\OrderEditor\Gateway\Request\CaptureRequest</argument>
            <argument name="handler" xsi:type="object">MageWorx\OrderEditor\Gateway\Response\TxnIdHandler</argument>
            <argument name="transferFactory" xsi:type="object">MageWorx\OrderEditor\Gateway\Http\TransferFactory</argument>
            <argument name="validator" xsi:type="object">MageWorx\OrderEditor\Gateway\Validator\ResponseCodeValidator</argument>
            <argument name="client" xsi:type="object">MageWorx\OrderEditor\Gateway\Http\Client\ClientMock</argument>
        </arguments>
    </virtualType>

    <!-- Capture Request -->
    <type name="MageWorx\OrderEditor\Gateway\Request\CaptureRequest">
        <arguments>
            <argument name="config" xsi:type="object">MageWorxOrderEditorPaymentGatewayConfig</argument>
        </arguments>
    </type>

    <!-- Void command -->
    <virtualType name="MageWorxOrderEditorPaymentGatewayVoidCommand" type="Magento\Payment\Gateway\Command\GatewayCommand">
        <arguments>
            <argument name="requestBuilder" xsi:type="object">MageWorx\OrderEditor\Gateway\Request\VoidRequest</argument>
            <argument name="handler" xsi:type="object">MageWorx\OrderEditor\Gateway\Response\TxnIdHandler</argument>
            <argument name="transferFactory" xsi:type="object">MageWorx\OrderEditor\Gateway\Http\TransferFactory</argument>
            <argument name="validator" xsi:type="object">MageWorx\OrderEditor\Gateway\Validator\ResponseCodeValidator</argument>
            <argument name="client" xsi:type="object">MageWorx\OrderEditor\Gateway\Http\Client\ClientMock</argument>
        </arguments>
    </virtualType>

    <!-- Void Request -->
    <type name="MageWorx\OrderEditor\Gateway\Request\VoidRequest">
        <arguments>
            <argument name="config" xsi:type="object">MageWorxOrderEditorPaymentGatewayConfig</argument>
        </arguments>
    </type>

    <!-- Response handlers -->
    <virtualType name="MageWorxOrderEditorPaymentGatewayResponseHandlerComposite" type="Magento\Payment\Gateway\Response\HandlerChain">
        <arguments>
            <argument name="handlers" xsi:type="array">
                <item name="txnid" xsi:type="string">MageWorx\OrderEditor\Gateway\Response\TxnIdHandler</item>
                <item name="fraud" xsi:type="string">MageWorx\OrderEditor\Gateway\Response\FraudHandler</item>
            </argument>
        </arguments>
    </virtualType>

    <!-- Value handlers infrastructure -->
    <virtualType name="MageWorxOrderEditorPaymentGatewayValueHandlerPool" type="Magento\Payment\Gateway\Config\ValueHandlerPool">
        <arguments>
            <argument name="handlers" xsi:type="array">
                <item name="default" xsi:type="string">MageWorxOrderEditorPaymentGatewayConfigValueHandler</item>
            </argument>
        </arguments>
    </virtualType>
    <virtualType name="MageWorxOrderEditorPaymentGatewayConfigValueHandler" type="Magento\Payment\Gateway\Config\ConfigValueHandler">
        <arguments>
            <argument name="configInterface" xsi:type="object">MageWorxOrderEditorPaymentGatewayConfig</argument>
        </arguments>
    </virtualType>

    <type name="MageWorx\OrderEditor\Block\Info">
        <arguments>
            <argument name="config" xsi:type="object">MageWorxOrderEditorPaymentGatewayConfig</argument>
        </arguments>
    </type>

    <!-- Add correct serializer to the helper class -->
    <type name="MageWorx\OrderEditor\Helper">
        <arguments>
            <argument name="serializer" xsi:type="object">Magento\Framework\Serialize\Serializer\Json</argument>
        </arguments>
    </type>
</config>
