sku,
SAAA15487,2001
SAAA15518,2002
SAAA15521,2003
SAAA15531,2004
SAAA15533,2005
SAAA15604,2006
SAAA15621,2007
SAAA15641,2008
SAAA15692,2009
SAAA15699,2010
SAAA15703,2011
SAAA15710,2012
SAAA15711,2013
SAAA15739,2014
SAAA15741,2015
SAAA15747,2016
SAAA15749,2017
SAAA15761,2018
SAAA15772,2019
SAAA15778,2020
SAAA15794,2021
SAAA15800,2022
SAAA15805,2023
SAAA15811,2024
SAAA15812,2025
SAAA15815,2026
SAAA15821,2027
SAAA15828,2028
SAAA15829,2029
SAAA15830,2030
SAAA15834,2031
SAAA15837,2032
SAAA15846,2033
SAAA15882,2034
SAAA15913,2035
SAAA15927,2036
SAAA15950,2037
SAAA15970,2038
SAAA15982,2039
SAAA15994,2040
SAAA16000,2041
SAAA16006,2042
SAAA16010,2043
SAAA16011,2044
SAAA16014,2045
SAAA16024,2046
SAAA16026,2047
SAAA16029,2048
SAAA16070,2049
SAAA16072,2050
SAAA16090,2051
SAAA16103,2052
SAAA16129,2053
SAAA16137,2054
SAAA16139,2055
SAAA16159,2056
SAAA16165,2057
SAAA16167,2058
SAAA16172,2059
SAAA16204,2060
SAAA16213,2061
SAAA16221,2062
SAAA16251,2063
SAAA16253,2064
SAAA16258,2065
SAAA16261,2066
SAAA16264,2067
SAAA16265,2068
SAAA16267,2069
SAAA16275,2070
SAAA16285,2071
SAAA16292,2072
SAAA16293,2073
SAAA16307,2074
SAAA16325,2075
SAAA16327,2076
SAAA16328,2077
SAAA16330,2078
SAAA16333,2079
SAAA16337,2080
SAAA16343,2081
SAAA16345,2082
SAAA16356,2083
SAAA16363,2084
SAAA16365,2085
SAAA16385,2086
SAAA16390,2087
SAAA16391,2088
SAAA16392,2089
SAAA16398,2090
SAAA16400,2091
SAAA16401,2092
SAAA16421,2093
SAAA16429,2094
SAAA16436,2095
SAAA16451,2096
SAAA16462,2097
SAAA16465,2098
SAAA16470,2099
SAAA16495,2100
SAAA16497,2101
SAAA16529,2102
SAAA16530,2103
SAAA16539,2104
SAAA16541,2105
SAAA16545,2106
SAAA16548,2107
SAAA16552,2108
SAAA16554,2109
SAAA16580,2110
SAAA16582,2111
SAAA16584,2112
SAAA16586,2113
SAAA16589,2114
SAAA16591,2115
SAAA16592,2116
SAAA16600,2117
SAAA16667,2118
SAAA16690,2119
SAAA16691,2120
SAAA16695,2121
SAAA16696,2122
SAAA16697,2123
SAAA16699,2124
SAAA16704,2125
SAAA16708,2126
SAAA16714,2127
SAAA16727,2128
SAAA16734,2129
SAAA16735,2130
SAAA16736,2131
SAAA16751,2132
SAAA16755,2133
SAAA16786,2134
SAAA16793,2135
SAAA16801,2136
SAAA16805,2137
SAAA16807,2138
SAAA16847,2139
SAAA16854,2140
SAAA16860,2141
SAAA16866,2142
SAAA16872,2143
SAAA16881,2144
SAAA16885,2145
SAAA16917,2146
SAAA16921,2147
SAAA16929,2148
SAAA16931,2149
SAAA16934,2150
SAAA16937,2151
SAAA16938,2152
SAAA16943,2153
SAAA16992,2154
SAAA17045,2155
SAAA17055,2156
SAAA17064,2157
SAAA17068,2158
SAAA17069,2159
SAAA17070,2160
SAAA17073,2161
SAAA17086,2162
SAAA17112,2163
SAAA17123,2164
SAAA17128,2165
SAAA17129,2166
SAAA17206,2167
SAAA17208,2168
SAAA17215,2169
SAAA17216,2170
SAAA17243,2171
SAAA17246,2172
SAAA17261,2173
SAAA17262,2174
SAAA17263,2175
SAAA17264,2176
SAAA17272,2177
SAAA17274,2178
SAAA17275,2179
SAAA17285,2180
SAAA17289,2181
SAAA17295,2182
SAAA17296,2183
SAAA17298,2184
SAAA17325,2185
SAAA17328,2186
SAAA17331,2187
SAAA17334,2188
SAAA17364,2189
SAAA17365,2190
SAAA17367,2191
SAAA17372,2192
SAAA17375,2193
SAAA17379,2194
SAAA17382,2195
SAAA17383,2196
SAAA17386,2197
SAAA17387,2198
SAAA17410,2199
SAAA17422,2200
SAAA17465,2201
SAAA17468,2202
SAAA17470,2203
SAAA17482,2204
SAAA17496,2205
SAAA17500,2206
SAAA17503,2207
SAAA17504,2208
SAAA17506,2209
SAAA17520,2210
SAAA17522,2211
SAAA17541,2212
SAAA17565,2213
SAAA17567,2214
SAAA17572,2215
SAAA17577,2216
SAAA17578,2217
SAAA17581,2218
SAAA17584,2219
SAAA17609,2220
SAAA17633,2221
SAAA17638,2222
SAAA17647,2223
SAAA17654,2224
SAAA17661,2225
SAAA17677,2226
SAAA17678,2227
SAAA17680,2228
SAAA17705,2229
SAAA17713,2230
SAAA17717,2231
SAAA17720,2232
SAAA17724,2233
SAAA17741,2234
SAAA17750,2235
SAAA17753,2236
SAAA17759,2237
SAAA17775,2238
SAAA17782,2239
SAAA17814,2240
SAAA17826,2241
SAAA17827,2242
SAAA17828,2243
SAAA17831,2244
SAAA17833,2245
SAAA17858,2246
SAAA17860,2247
SAAA17868,2248
SAAA17871,2249
SAAA17872,2250
SAAA17874,2251
SAAA17902,2252
SAAA17906,2253
SAAA18039,2254
SAAA18081,2255
SAAA18093,2256
SAAA18097,2257
SAAA18101,2258
SAAA18110,2259
SAAA18207,2260
SAAA18208,2261
SAAA18276,2262
SAAA18332,2263
SAAA18334,2264
SAAA18335,2265
SAAA18342,2266
SAAA18390,2267
SAAA18406,2268
SAAA18462,2269
SAAA18464,2270
SAAA18465,2271
SAAA18469,2272
SAAA18546,2273
SAAA18550,2274
SAAA18666,2275
SAAA18752,2276
SAAA18753,2277
SAAA18813,2278
SAAA18817,2279
SAAA18818,2280
SAAA18823,2281
SAAA18879,2282
SAAA18881,2283
SAAA18885,2284
SAAA18923,2285
SAAA18924,2286
SAAA18928,2287
SAAA18930,2288
SAAA18932,2289
SAAA18938,2290
SAAA4236,2291
SAAA7655,2292
SAAA8347,2293
SAAA9107,2294
SAAA9169,2295
SAAA9170,2296
SAAA9171,2297
SAAA9172,2298
SAAA9174,2299
SAAA9763,2300
SAAA11428,2301
SAAA11718,2302
SAAA11725,2303
SAAA12077,2304
SAAA12081,2305
SAAA12082,2306
SAAA12092,2307
SAAA12093,2308
SAAA12202,2309
SAAA12208,2310
SAAA12334,2311
SAAA12335,2312
SAAA12337,2313
SAAA12341,2314
SAAA12342,2315
SAAA12343,2316
SAAA12543,2317
SAAA12695,2318
SAAA12702,2319
SAAA12710,2320
SAAA12713,2321
SAAA13172,2322
SAAA13203,2323
SAAA13204,2324
SAAA13205,2325
SAAA13207,2326
SAAA13213,2327
SAAA13214,2328
SAAA13215,2329
SAAA13216,2330
SAAA13217,2331
SAAA13218,2332
SAAA13219,2333
SAAA13220,2334
SAAA13221,2335
SAAA13222,2336
SAAA13223,2337
SAAA13225,2338
SAAA13226,2339
SAAA13227,2340
SAAA13228,2341
SAAA13229,2342
SAAA13230,2343
SAAA13232,2344
SAAA13233,2345
SAAA13235,2346
SAAA13236,2347
SAAA13237,2348
SAAA13238,2349
SAAA13239,2350
SAAA13243,2351
SAAA13245,2352
SAAA13246,2353
SAAA13247,2354
SAAA13248,2355
SAAA13249,2356
SAAA13250,2357
SAAA13251,2358
SAAA13252,2359
SAAA13253,2360
SAAA13254,2361
SAAA13255,2362
SAAA13257,2363
SAAA13258,2364
SAAA13260,2365
SAAA13261,2366
SAAA13263,2367
SAAA13265,2368
SAAA13266,2369
SAAA13267,2370
SAAA13269,2371
SAAA13333,2372
SAAA13335,2373
SAAA13340,2374
SAAA13420,2375
SAAA13421,2376
SAAA13422,2377
SAAA13423,2378
SAAA13425,2379
SAAA13457,2380
SAAA13458,2381
SAAA13464,2382
SAAA13478,2383
SAAA13480,2384
SAAA13484,2385
SAAA13497,2386
SAAA13498,2387
SAAA13507,2388
SAAA13511,2389
SAAA13518,2390
SAAA13580,2391
SAAA13586,2392
SAAA13604,2393
SAAA13605,2394
SAAA13606,2395
SAAA13608,2396
SAAA13609,2397
SAAA13610,2398
SAAA13794,2399
SAAA13795,2400
SAAA13796,2401
SAAA13797,2402
SAAA13798,2403
SAAA13805,2404
SAAA13807,2405
SAAA13809,2406
SAAA13817,2407
SAAA13922,2408
SAAA13923,2409
SAAA13924,2410
SAAA13926,2411
SAAA13928,2412
SAAA13934,2413
SAAA13937,2414
SAAA13983,2415
SAAA13989,2416
SAAA14013,2417
SAAA14026,2418
SAAA14027,2419
SAAA14028,2420
SAAA14030,2421
SAAA14031,2422
SAAA14032,2423
SAAA14034,2424
SAAA14035,2425
SAAA14051,2426
SAAA14053,2427
SAAA14054,2428
SAAA14055,2429
SAAA14057,2430
SAAA14058,2431
SAAA14229,2432
SAAA14230,2433
SAAA14236,2434
SAAA14240,2435
SAAA14291,2436
SAAA14318,2437
SAAA14323,2438
SAAA14343,2439
SAAA14344,2440
SAAA14394,2441
SAAA14460,2442
SAAA14461,2443
SAAA14462,2444
SAAA14466,2445
SAAA14468,2446
SAAA14470,2447
SAAA14533,2448
SAAA14540,2449
SAAA14613,2450
SAAA14627,2451
SAAA14727,2452
SAAA14728,2453
SAAA14754,2454
SAAA14791,2455
SAAA14792,2456
SAAA14793,2457
SAAA14794,2458
SAAA14796,2459
SAAA14798,2460
SAAA14799,2461
SAAA14829,2462
SAAA14830,2463
SAAA14832,2464
SAAA14833,2465
SAAA14836,2466
SAAA14838,2467
SAAA14839,2468
SAAA14840,2469
SAAA14841,2470
SAAA14844,2471
SAAA14848,2472
SAAA14849,2473
SAAA14850,2474
SAAA14851,2475
SAAA14853,2476
SAAA14854,2477
SAAA14859,2478
SAAA14860,2479
SAAA14861,2480
SAAA14969,2481
SAAA14972,2482
SAAA14978,2483
SAAA15026,2484
SAAA15068,2485
SAAA15200,2486
SAAA15202,2487
SAAA15204,2488
SAAA15259,2489
SAAA15268,2490
SAAA15271,2491
SAAA15282,2492
SAAA15283,2493
SAAA15284,2494
SAAA15286,2495
SAAA15287,2496
SAAA15300,2497
SAAA15301,2498
SAAA15302,2499
SAAA15303,2500
SAAA15304,2501
SAAA15344,2502
SAAA15522,2503
SAAA15523,2504
SAAA15524,2505
SAAA15534,2506
SAAA15686,2507
SAAA15689,2508
SAAA15690,2509
SAAA15691,2510
SAAA15693,2511
SAAA15716,2512
SAAA15719,2513
SAAA15720,2514
SAAA15721,2515
SAAA15722,2516
SAAA15724,2517
SAAA15725,2518
SAAA15742,2519
SAAA15768,2520
SAAA15769,2521
SAAA15770,2522
SAAA15771,2523
SAAA15773,2524
SAAA15774,2525
SAAA16073,2526
SAAA16074,2527
SAAA16075,2528
SAAA16076,2529
SAAA16077,2530
SAAA16078,2531
SAAA16079,2532
SAAA16080,2533
SAAA16081,2534
SAAA16082,2535
SAAA16083,2536
SAAA16084,2537
SAAA16085,2538
SAAA16086,2539
SAAA16087,2540
SAAA16088,2541
SAAA16089,2542
SAAA16160,2543
SAAA16163,2544
SAAA16223,2545
SAAA16224,2546
SAAA16225,2547
SAAA16226,2548
SAAA16227,2549
SAAA16228,2550
SAAA16229,2551
SAAA16230,2552
SAAA16231,2553
SAAA16232,2554
SAAA16234,2555
SAAA16235,2556
SAAA16236,2557
SAAA16237,2558
SAAA16238,2559
SAAA16239,2560
SAAA16240,2561
SAAA16241,2562
SAAA16242,2563
SAAA16243,2564
SAAA16244,2565
SAAA16245,2566
SAAA16246,2567
SAAA16247,2568
SAAA16249,2569
SAAA16274,2570
SAAA16276,2571
SAAA16277,2572
SAAA16278,2573
SAAA16279,2574
SAAA16280,2575
SAAA16282,2576
SAAA16283,2577
SAAA16284,2578
SAAA16286,2579
SAAA16287,2580
SAAA16288,2581
SAAA16289,2582
SAAA16290,2583
SAAA16294,2584
SAAA16295,2585
SAAA16296,2586
SAAA16326,2587
SAAA16331,2588
SAAA16332,2589
SAAA16350,2590
SAAA16430,2591
SAAA16431,2592
SAAA16432,2593
SAAA16433,2594
SAAA16438,2595
SAAA16444,2596
SAAA16578,2597
SAAA16579,2598
SAAA16581,2599
SAAA16583,2600
SAAA16588,2601
SAAA16657,2602
SAAA16682,2603
SAAA16689,2604
SAAA16692,2605
SAAA16693,2606
SAAA16698,2607
SAAA16702,2608
SAAA16705,2609
SAAA16706,2610
SAAA16707,2611
SAAA16709,2612
SAAA16710,2613
SAAA16711,2614
SAAA16712,2615
SAAA16713,2616
SAAA16715,2617
SAAA16796,2618
SAAA16797,2619
SAAA16798,2620
SAAA16802,2621
SAAA16803,2622
SAAA16804,2623
SAAA16808,2624
SAAA16809,2625
SAAA16853,2626
SAAA16855,2627
SAAA16856,2628
SAAA16861,2629
SAAA16862,2630
SAAA16863,2631
SAAA16864,2632
SAAA16865,2633
SAAA16867,2634
SAAA16868,2635
SAAA16918,2636
SAAA16919,2637
SAAA16923,2638
SAAA16925,2639
SAAA16926,2640
SAAA16928,2641
SAAA16930,2642
SAAA16932,2643
SAAA16933,2644
SAAA16935,2645
SAAA16936,2646
SAAA16939,2647
SAAA16941,2648
SAAA16942,2649
SAAA16944,2650
SAAA17062,2651
SAAA17065,2652
SAAA17066,2653
SAAA17067,2654
SAAA17071,2655
SAAA17072,2656
SAAA17092,2657
SAAA17095,2658
SAAA17096,2659
SAAA17111,2660
SAAA17266,2661
SAAA17269,2662
SAAA17276,2663
SAAA17278,2664
SAAA17279,2665
SAAA17281,2666
SAAA17283,2667
SAAA17294,2668
SAAA17323,2669
SAAA17327,2670
SAAA17329,2671
SAAA17330,2672
SAAA17332,2673
SAAA17333,2674
SAAA17348,2675
SAAA17349,2676
SAAA17350,2677
SAAA17352,2678
SAAA17353,2679
SAAA17354,2680
SAAA17355,2681
SAAA17356,2682
SAAA17357,2683
SAAA17358,2684
SAAA17359,2685
SAAA17361,2686
SAAA17362,2687
SAAA17363,2688
SAAA17366,2689
SAAA17368,2690
SAAA17369,2691
SAAA17370,2692
SAAA17371,2693
SAAA17373,2694
SAAA17376,2695
SAAA17378,2696
SAAA17380,2697
SAAA17381,2698
SAAA17396,2699
SAAA17413,2700
SAAA17414,2701
SAAA17421,2702
SAAA17466,2703
SAAA17467,2704
SAAA17469,2705
SAAA17471,2706
SAAA17472,2707
SAAA17473,2708
SAAA17474,2709
SAAA17475,2710
SAAA17476,2711
SAAA17477,2712
SAAA17478,2713
SAAA17479,2714
SAAA17480,2715
SAAA17481,2716
SAAA17484,2717
SAAA17485,2718
SAAA17486,2719
SAAA17487,2720
SAAA17488,2721
SAAA17489,2722
SAAA17490,2723
SAAA17491,2724
SAAA17492,2725
SAAA17493,2726
SAAA17495,2727
SAAA17497,2728
SAAA17498,2729
SAAA17499,2730
SAAA17559,2731
SAAA17560,2732
SAAA17561,2733
SAAA17562,2734
SAAA17563,2735
SAAA17564,2736
SAAA17570,2737
SAAA17571,2738
SAAA17573,2739
SAAA17574,2740
SAAA17580,2741
SAAA17583,2742
SAAA17585,2743
SAAA17586,2744
SAAA17587,2745
SAAA17588,2746
SAAA17597,2747
SAAA17602,2748
SAAA17653,2749
SAAA17655,2750
SAAA17656,2751
SAAA17657,2752
SAAA17658,2753
SAAA17659,2754
SAAA17660,2755
SAAA17662,2756
SAAA17663,2757
SAAA17664,2758
SAAA17704,2759
SAAA17707,2760
SAAA17708,2761
SAAA17709,2762
SAAA17710,2763
SAAA17711,2764
SAAA17712,2765
SAAA17714,2766
SAAA17715,2767
SAAA17716,2768
SAAA17718,2769
SAAA17719,2770
SAAA17721,2771
SAAA17722,2772
SAAA17723,2773
SAAA17726,2774
SAAA17731,2775
SAAA17740,2776
SAAA17742,2777
SAAA17829,2778
SAAA17830,2779
SAAA17834,2780
SAAA17845,2781
SAAA17856,2782
SAAA17861,2783
SAAA17864,2784
SAAA17865,2785
SAAA17866,2786
SAAA17867,2787
SAAA17869,2788
SAAA17870,2789
SAAA17876,2790
SAAA17886,2791
SAAA17903,2792
SAAA17904,2793
SAAA17905,2794
SAAA17907,2795
SAAA17909,2796
SAAA17910,2797
SAAA17911,2798
SAAA17912,2799
SAAA17913,2800
SAAA17914,2801
SAAA17915,2802
SAAA17916,2803
SAAA17919,2804
SAAA17920,2805
SAAA17921,2806
SAAA17923,2807
SAAA17924,2808
SAAA17925,2809
SAAA17951,2810
SAAA17952,2811
SAAA17953,2812
SAAA17954,2813
SAAA17955,2814
SAAA17956,2815
SAAA17957,2816
SAAA17959,2817
SAAA17979,2818
SAAA17980,2819
SAAA17981,2820
SAAA17982,2821
SAAA17983,2822
SAAA17984,2823
SAAA17985,2824
SAAA17986,2825
SAAA17987,2826
SAAA17988,2827
SAAA17989,2828
SAAA17990,2829
SAAA17991,2830
SAAA17992,2831
SAAA17994,2832
SAAA17995,2833
SAAA17996,2834
SAAA17997,2835
SAAA17998,2836
SAAA17999,2837
SAAA18000,2838
SAAA18001,2839
SAAA18002,2840
SAAA18003,2841
SAAA18004,2842
SAAA18005,2843
SAAA18006,2844
SAAA18033,2845
SAAA18034,2846
SAAA18035,2847
SAAA18036,2848
SAAA18037,2849
SAAA18038,2850
SAAA18040,2851
SAAA18041,2852
SAAA18044,2853
SAAA18045,2854
SAAA18046,2855
SAAA18047,2856
SAAA18054,2857
SAAA18059,2858
SAAA18061,2859
SAAA18073,2860
SAAA18075,2861
SAAA18077,2862
SAAA18078,2863
SAAA18079,2864
SAAA18080,2865
SAAA18082,2866
SAAA18083,2867
SAAA18084,2868
SAAA18085,2869
SAAA18086,2870
SAAA18087,2871
SAAA18088,2872
SAAA18089,2873
SAAA18092,2874
SAAA18094,2875
SAAA18095,2876
SAAA18096,2877
SAAA18098,2878
SAAA18099,2879
SAAA18102,2880
SAAA18103,2881
SAAA18104,2882
SAAA18105,2883
SAAA18106,2884
SAAA18107,2885
SAAA18191,2886
SAAA18192,2887
SAAA18193,2888
SAAA18194,2889
SAAA18195,2890
SAAA18196,2891
SAAA18197,2892
SAAA18198,2893
SAAA18199,2894
SAAA18200,2895
SAAA18201,2896
SAAA18202,2897
SAAA18203,2898
SAAA18204,2899
SAAA18206,2900
SAAA18209,2901
SAAA18210,2902
SAAA18339,2903
SAAA18340,2904
SAAA18341,2905
SAAA18343,2906
SAAA18364,2907
SAAA18365,2908
SAAA18366,2909
SAAA18367,2910
SAAA18368,2911
SAAA18369,2912
SAAA18370,2913
SAAA18371,2914
SAAA18372,2915
SAAA18374,2916
SAAA18375,2917
SAAA18395,2918
SAAA18398,2919
SAAA18404,2920
SAAA18405,2921
SAAA18407,2922
SAAA18408,2923
SAAA18438,2924
SAAA18439,2925
SAAA18440,2926
SAAA18441,2927
SAAA18442,2928
SAAA18443,2929
SAAA18444,2930
SAAA18445,2931
SAAA18461,2932
SAAA18463,2933
SAAA18467,2934
SAAA18468,2935
SAAA18473,2936
SAAA18474,2937
SAAA18492,2938
SAAA18493,2939
SAAA18494,2940
SAAA18495,2941
SAAA18496,2942
SAAA18497,2943
SAAA18498,2944
SAAA18547,2945
SAAA18548,2946
SAAA18549,2947
SAAA18551,2948
SAAA18552,2949
SAAA18553,2950
SAAA18554,2951
SAAA18555,2952
SAAA18556,2953
SAAA18557,2954
SAAA18558,2955
SAAA18559,2956
SAAA18561,2957
SAAA18620,2958
SAAA18787,2959
SAAA18827,2960
SAAA18851,2961
SAAA18852,2962
SAAA18853,2963
SAAA18854,2964
SAAA18855,2965
SAAA18856,2966
SAAA18857,2967
SAAA18858,2968
SAAA18859,2969
SAAA18860,2970
SAAA18880,2971
SAAA18888,2972
SAAA18889,2973
SAAA18890,2974
SAAA18891,2975
SAAA18892,2976
SAAA18893,2977
SAAA18894,2978
SAAA18895,2979
SAAA18896,2980
SAAA18897,2981
SAAA18898,2982
SAAA18899,2983
SAAA18900,2984
SAAA18901,2985
SAAA18902,2986
SAAA18903,2987
SAAA18904,2988
SAAA18905,2989
SAAA18906,2990
SAAA18907,2991
SAAA18908,2992
SAAA18909,2993
SAAA18910,2994
SAAA18911,2995
SAAA18937,2996
SAAA18939,2997
SAAA18940,2998
SAAA2455,2999
SAAA2799,3000
SAAA2801,3001
SAAA2804,3002
SAAA2806,3003
SAAA2807,3004
SAAA2808,3005
SAAA2814,3006
SAAA2815,3007
SAAA3218,3008
SAAA3597,3009
SAAA4275,3010
SAAA4861,3011
SAAA5001,3012
SAAA5535,3013
SAAA5792,3014
SAAA5926,3015
SAAA6488,3016
SAAA6816,3017
SAAA6834,3018
SAAA7860,3019
SAAA8143,3020
SAAA8804,3021
SAAA9402,3022
SAAA9408,3023
