<?xml version="1.0" ?>
<config xmlns:xsi="http://www.w3.org/2001/XMLSchema-instance" xsi:noNamespaceSchemaLocation="urn:magento:module:Magento_Config:etc/system_file.xsd">
    <system>
        <section id="payment" showInDefault="1" showInStore="1" showInWebsite="1" sortOrder="1000" translate="label">
            <group id="internalpayment" showInDefault="1" showInStore="1" showInWebsite="1" sortOrder="10" translate="label">
                <label>Internal Payment</label>
                <field id="active" showInDefault="1" showInStore="1" showInWebsite="1" sortOrder="10" translate="label" type="select">
                    <label>Enabled</label>
                    <source_model>Magento\Config\Model\Config\Source\Yesno</source_model>
                </field>
                <field id="title" showInDefault="1" showInStore="1" showInWebsite="1" sortOrder="20" translate="label" type="text">
                    <label>Title</label>
                </field>
                <field id="order_status" showInDefault="1" showInStore="1" showInWebsite="1" sortOrder="30" translate="label" type="select">
                    <label>New Order Status</label>
                    <source_model>Magento\Sales\Model\Config\Source\Order\Status\NewStatus</source_model>
                </field>
                <field id="allowspecific" showInDefault="1" showInStore="1" showInWebsite="1" sortOrder="40" translate="label" type="select">
                    <label>Payment from Applicable Countries</label>
                    <source_model>Magento\Payment\Model\Config\Source\Allspecificcountries</source_model>
                </field>
                <field id="sort_order" showInDefault="1" showInStore="1" showInWebsite="1" sortOrder="60" translate="label" type="text">
                    <label>Sort Order</label>
                </field>
            </group>
        </section>
    </system>
</config>
