<?xml version="1.0"?>
<csp_whitelist xmlns:xsi="http://www.w3.org/2001/XMLSchema-instance" xsi:noNamespaceSchemaLocation="urn:magento:module:Magento_Csp/etc/csp_whitelist.xsd">
    <policies>
        <policy id="script-src">
            <values>
                <value id="payglocal-script" type="host">*.uat.payglocal.in/simple.js</value>
            </values>
        </policy>
        <policy id="connect-src">
            <values>
                <value id="payglocalsagepay" type="host">*.payglocal.in</value>
                <value id="stripescr" type="host">*.payglocal.in</value>
            </values>
        </policy>
        <policy id="default-src">
            <values>
                <value id="stripescr" type="host">*.payglocal.in</value>
            </values>
        </policy>
        <policy id="frame-src">
            <values>
                <value id="stripescr" type="host">*.payglocal.in</value>
            </values>
        </policy>
    </policies>
</csp_whitelist>