<?xml version="1.0"?>
<config xmlns:xsi="http://www.w3.org/2001/XMLSchema-instance" xsi:noNamespaceSchemaLocation="urn:magento:framework:ObjectManager/etc/config.xsd">

    <type name="Magento\Framework\View\Asset\Minification">
        <plugin name="my-exclude-payglocal" type="Meetanshi\PayGlocal\Plugin\ExcludeFilesFromMinification" />
    </type>

    <virtualType name="PayGlocalConfig" type="Magento\Payment\Gateway\Config\Config">
        <arguments>
            <argument name="methodCode" xsi:type="string">payglocal</argument>
        </arguments>
    </virtualType>
    <virtualType name="PayGlocalLogger" type="Magento\Payment\Model\Method\Logger">
        <arguments>
            <argument name="config" xsi:type="object">PayGlocalConfig</argument>
        </arguments>
    </virtualType>
    <type name="Meetanshi\PayGlocal\Gateway\Http\TransferFactory">
        <arguments>
            <argument name="config" xsi:type="object">PayGlocalConfig</argument>
        </arguments>
    </type>
    <type name="Meetanshi\PayGlocal\Gateway\Http\RefundTransferFactory">
        <arguments>
            <argument name="config" xsi:type="object">PayGlocalConfig</argument>
        </arguments>
    </type>
    <type name="Meetanshi\PayGlocal\Block\Info">
        <arguments>
            <argument name="config" xsi:type="object">PayGlocalConfig</argument>
        </arguments>
    </type>

    <virtualType name="PayGlocalFacadeAdapter" type="Magento\Payment\Model\Method\Adapter">
        <arguments>
            <argument name="code" xsi:type="string">payglocal</argument>
            <argument name="formBlockType" xsi:type="string">Magento\Payment\Block\Form\Cc</argument>
            <argument name="infoBlockType" xsi:type="string">Meetanshi\PayGlocal\Block\Info</argument>
            <argument name="valueHandlerPool" xsi:type="object">PayGlocalValueHandlerPool</argument>
            <argument name="validatorPool" xsi:type="object">PayGlocalValidatorPool</argument>
            <argument name="commandPool" xsi:type="object">PayGlocalCommandPool</argument>
        </arguments>
    </virtualType>

    <virtualType name="PayGlocalValueHandlerPool" type="Magento\Payment\Gateway\Config\ValueHandlerPool">
        <arguments>
            <argument name="handlers" xsi:type="array">
                <item name="default" xsi:type="string">PayGlocalDefaultValueHandler</item>
            </argument>
        </arguments>
    </virtualType>
    <virtualType name="PayGlocalDefaultValueHandler" type="Magento\Payment\Gateway\Config\ConfigValueHandler">
        <arguments>
            <argument name="configInterface" xsi:type="object">PayGlocalConfig</argument>
        </arguments>
    </virtualType>

    <!-- Command Manager -->
    <virtualType name="PayGlocalCommandManager" type="Magento\Payment\Gateway\Command\CommandManager">
        <arguments>
            <argument name="commandPool" xsi:type="object">PayGlocalCommandPool</argument>
        </arguments>
    </virtualType>
    <type name="Magento\Payment\Gateway\Command\CommandManagerPool">
        <arguments>
            <argument name="executors" xsi:type="array">
                <item name="payglocal" xsi:type="string">PayGlocalCommandManager</item>
            </argument>
        </arguments>
    </type>

    <virtualType name="PayGlocalValidatorPool" type="Magento\Payment\Gateway\Validator\ValidatorPool">
        <arguments>
            <argument name="validators" xsi:type="array">
                <item name="country" xsi:type="string">PayGlocalCountryValidator</item>
            </argument>
        </arguments>
    </virtualType>
    <virtualType name="PayGlocalCountryValidator" type="Magento\Payment\Gateway\Validator\CountryValidator">
        <arguments>
            <argument name="config" xsi:type="object">PayGlocalConfig</argument>
        </arguments>
    </virtualType>
    <virtualType name="PayGlocalCommandPool" type="Magento\Payment\Gateway\Command\CommandPool">
        <arguments>
            <argument name="commands" xsi:type="array">
                <item name="initialize" xsi:type="string">Meetanshi\PayGlocal\Gateway\Command\InitializeCommand</item>
                <item name="capture" xsi:type="string">PayGlocalDirectGatewayCommand</item>
                <item name="refund" xsi:type="string">PayGlocalRefundGatewayCommand</item>
            </argument>
        </arguments>
    </virtualType>

    <!-- Start Refund Command -->
    <virtualType name="PayGlocalRefundGatewayCommand" type="Magento\Payment\Gateway\Command\GatewayCommand">
        <arguments>
            <argument name="requestBuilder" xsi:type="object">PayGlocalRefundDataBuilder</argument>
            <argument name="transferFactory" xsi:type="object">Meetanshi\PayGlocal\Gateway\Http\RefundTransferFactory</argument>
            <argument name="client" xsi:type="object">Meetanshi\PayGlocal\Gateway\Http\Client\RefundCurl</argument>
            <argument name="validator" xsi:type="object">Meetanshi\PayGlocal\Gateway\Validator\RefundValidator</argument>
            <argument name="handler" xsi:type="object">PayGlocalRefundResponseHandler</argument>
        </arguments>
    </virtualType>
    <virtualType name="PayGlocalRefundDataBuilder" type="Magento\Payment\Gateway\Request\BuilderComposite">
        <arguments>
            <argument name="builders" xsi:type="array">
                <item name="refund_data" xsi:type="string">Meetanshi\PayGlocal\Gateway\Request\RefundDataBuilder</item>
            </argument>
        </arguments>
    </virtualType>
    <virtualType name="PayGlocalRefundResponseHandler" type="Magento\Payment\Gateway\Response\HandlerChain">
        <arguments>
            <argument name="handlers" xsi:type="array">
                <item name="refund" xsi:type="string">Meetanshi\PayGlocal\Gateway\Response\TransactionRefundHandler</item>
            </argument>
        </arguments>
    </virtualType>
    <!-- End Refund Command -->

    <!-- Start capture Command -->
    <virtualType name="PayGlocalDirectGatewayCommand" type="Magento\Payment\Gateway\Command\GatewayCommand">
        <arguments>
            <argument name="requestBuilder" xsi:type="object">PayGlocalPaymentBuilder</argument>
            <argument name="transferFactory" xsi:type="object">PayGlocalAuthorizeTransferFactory</argument>
            <argument name="client" xsi:type="object">PayGlocalZendHttpClient</argument>
            <argument name="handler" xsi:type="object">PayGlocalDirectResponseHandler</argument>
            <argument name="validator" xsi:type="object">Meetanshi\PayGlocal\Gateway\Validator\Direct\ResponseValidator</argument>
        </arguments>
    </virtualType>
    <virtualType name="PayGlocalPaymentBuilder" type="Magento\Payment\Gateway\Request\BuilderComposite">
        <arguments>
            <argument name="builders" xsi:type="array">
                <item name="card_details" xsi:type="string">Meetanshi\PayGlocal\Gateway\Request\CardDetailsDataBuilder</item>
            </argument>
        </arguments>
    </virtualType>
    <virtualType name="PayGlocalAuthorizeTransferFactory" type="Meetanshi\PayGlocal\Gateway\Http\TransferFactory">
        <arguments>
            <argument name="action" xsi:type="const">Meetanshi\PayGlocal\Gateway\Request\AbstractDataBuilder::PAYMENT</argument>
        </arguments>
    </virtualType>
    <virtualType name="PayGlocalDirectResponseHandler" type="Magento\Payment\Gateway\Response\HandlerChain">
        <arguments>
            <argument name="handlers" xsi:type="array">
                <item name="payment_details" xsi:type="string">Meetanshi\PayGlocal\Gateway\Response\PaymentDetailsHandler</item>
                <item name="response_messages" xsi:type="string">Meetanshi\PayGlocal\Gateway\Response\ResponseMessagesHandler</item>
            </argument>
        </arguments>
    </virtualType>
    <virtualType name="PayGlocalZendHttpClient" type="Meetanshi\PayGlocal\Gateway\Http\Client\Curl">
        <arguments>
            <argument name="logger" xsi:type="object">PayGlocalLogger</argument>
        </arguments>
    </virtualType>
    <!-- End capture Command -->

</config>
