<?xml version="1.0" ?>
<config xmlns:xsi="http://www.w3.org/2001/XMLSchema-instance" xsi:noNamespaceSchemaLocation="urn:magento:framework:Acl/etc/acl.xsd">
    <acl>
        <resources>
            <resource id="Magento_Backend::admin">
                <resource id="Logicrays_VendorManagement::grid" title="Logicrays Menu" sortOrder="10">
                    <resource id="Logicrays_NewDashboard::ordergrid" title="Paid Order" translate="title" sortOrder="30" />
                </resource>
            </resource>
        </resources>
    </acl>
</config>