<?xml version="1.0"?>
<config xmlns:xsi="http://www.w3.org/2001/XMLSchema-instance" xsi:noNamespaceSchemaLocation="urn:magento:module:Magento_Config:etc/system_file.xsd">
    <system>
        <tab id="businessonbot" translate="label" sortOrder="10">
            <label>Business On Bot</label>
        </tab>
        <section id="businessonbot" translate="label" sortOrder="130" showInDefault="1" showInWebsite="1" showInStore="1">
            <class>separator-top</class>
            <tab>businessonbot</tab>
            <group id="businessonbot" translate="label" type="text" sortOrder="20" showInDefault="1" showInWebsite="0" showInStore="0">
                <label>Business On Bot</label>
                <field id="enable" translate="label" type="select" sortOrder="1" showInDefault="1" showInWebsite="0" showInStore="0">
                    <label>Enable</label>
                    <source_model>Magento\Config\Model\Config\Source\Yesno</source_model>
                </field>
                <field id="x_api_key" translate="label" type="text" sortOrder="1" showInDefault="1" showInWebsite="0" showInStore="0">
                    <label>x-api-key</label>
                </field>
            </group>
        </section>
    </system>
</config>