<?xml version="1.0"?>
<!--
/**
 * Mageplaza
 *
 * NOTICE OF LICENSE
 *
 * This source file is subject to the Mageplaza.com license that is
 * available through the world-wide-web at this URL:
 * https://www.mageplaza.com/LICENSE.txt
 *
 * DISCLAIMER
 *
 * Do not edit or add to this file if you wish to upgrade this extension to newer
 * version in the future.
 *
 * @category    Mageplaza
 * @package     Mageplaza_ShippingCost
 * @copyright   Copyright (c) Mageplaza (https://www.mageplaza.com/)
 * @license     https://www.mageplaza.com/LICENSE.txt
 */
-->
<config xmlns:xsi="http://www.w3.org/2001/XMLSchema-instance" xsi:noNamespaceSchemaLocation="urn:magento:framework:ObjectManager/etc/config.xsd">
    <type name="Magento\Customer\CustomerData\SectionPoolInterface">
        <arguments>
            <argument name="sectionSourceMap" xsi:type="array">
                <item name="mpshippingcost-customer" xsi:type="string">Mageplaza\ShippingCost\CustomerData\ShippingCost</item>
            </argument>
        </arguments>
    </type>
    <type name="Magento\Customer\Block\SectionConfig">
        <arguments>
            <argument name="clientSideSections" xsi:type="array">
                <item name="mpshippingcost-address" xsi:type="string">mpshippingcost-address</item>
                <item name="mpshippingcost-customer" xsi:type="string">mpshippingcost-customer</item>
            </argument>
        </arguments>
    </type>
</config>
