<?xml version="1.0"?>
<!--
/**
 * Landofcoder
 * 
 * NOTICE OF LICENSE
 * 
 * This source file is subject to the Landofcoder.com license that is
 * available through the world-wide-web at this URL:
 * http://landofcoder.com/license
 * 
 * DISCLAIMER
 * 
 * Do not edit or add to this file if you wish to upgrade this extension to newer
 * version in the future.
 * 
 * @category   Landofcoder
 * @package    Lof_Gallery
 * @copyright  Copyright (c) 2016 Landofcoder (http://www.landofcoder.com/)
 * @license    http://www.landofcoder.com/LICENSE-1.0.html
 */
-->
<config xmlns:xsi="http://www.w3.org/2001/XMLSchema-instance" xsi:noNamespaceSchemaLocation="urn:magento:framework:ObjectManager/etc/config.xsd">
	<type name="Magento\Framework\App\RouterList">
		<arguments>
			<argument name="routerList" xsi:type="array">
				<item name="lofgallery" xsi:type="array">
					<item name="class" xsi:type="string">Lof\Gallery\Controller\Router</item>
					<item name="disable" xsi:type="boolean">false</item>
					<item name="sortOrder" xsi:type="string">0</item>
				</item>
			</argument>
		</arguments>
	</type>
</config>