<?xml version="1.0"?>
 
<config xmlns:xsi="http://www.w3.org/2001/XMLSchema-instance" xsi:noNamespaceSchemaLocation="urn:magento:module:Magento_Cron:etc/cron_groups.xsd">
    <group id="giftcard_cron_settings">
        <schedule_generate_every>15</schedule_generate_every> <!-- Write schedules to cron_schedule table every X minutes -->
        <schedule_ahead_for>20</schedule_ahead_for> <!-- Write schedules to cron_schedule table X minutes in advance -->
        <schedule_lifetime>15</schedule_lifetime> <!-- X minutes lifetime of schedule. Job failed if not finished in X minutes. -->
        <history_cleanup_every>10</history_cleanup_every> <!-- Clean cron history every X minutes -->
        <history_success_lifetime>60</history_success_lifetime> <!-- Clean success jobs history every X minutes -->
        <history_failure_lifetime>600</history_failure_lifetime> <!-- Clean failed jobs history every X minutes -->
        <use_separate_process>0</use_separate_process> <!-- If 1, all cron jobs will run in parallel. If 0, all cron jobs run one after another. -->
    </group>
</config>