<?xml version="1.0"?>
<config xmlns:xsi="http://www.w3.org/2001/XMLSchema-instance" xsi:noNamespaceSchemaLocation="urn:magento:framework:ObjectManager/etc/config.xsd">
    <type name="Magento\Payment\Model\CcGenericConfigProvider">
        <arguments>
            <argument name="methodCodes" xsi:type="array">
                <item name="payglocal" xsi:type="string">payglocal</item>
            </argument>
        </arguments>
    </type>
    <type name="Magento\Checkout\Model\CompositeConfigProvider">
        <arguments>
            <argument name="configProviders" xsi:type="array">
                <item name="checkout_payglocal_block" xsi:type="object">Meetanshi\PayGlocal\Model\PayGlocalConfigProvider</item>
            </argument>
        </arguments>
    </type>
    <type name="Meetanshi\PayGlocal\Block\Info">
        <arguments>
            <argument name="data" xsi:type="array">
                <item xsi:type="string" name="is_secure_mode">1</item>
            </argument>
        </arguments>
    </type>
</config>
