<?xml version="1.0" encoding="UTF-8"?>
<!--
/**
* Tatvic Software.
*
* @category  Tatvic
* @package   Tatvic_ActionableGoogleAnalytics
* @author    Tatvic
* @copyright Copyright (c) 2010-2021 Tatvic Software Private Limited (https://tatvic.com)
*/
-->
<config xmlns:xsi="http://www.w3.org/2001/XMLSchema-instance" xsi:noNamespaceSchemaLocation="urn:magento:framework:Acl/etc/acl.xsd">
    <acl>
        <resources>
            <resource id="Magento_Backend::admin">                
                    <resource id="Magento_Backend::stores">
                        <resource id="Magento_Backend::stores_settings">
                            <resource id="Magento_Config::config">
                                <resource id="Tatvic_ActionableGoogleAnalytics::ee" title="Actionable Google Analytics" />
                             </resource>
                        </resource>
                    </resource>
            </resource>
        </resources>
    </acl>
</config>


