<?xml version="1.0"?>
<config xmlns:xsi="http://www.w3.org/2001/XMLSchema-instance" xsi:noNamespaceSchemaLocation="urn:magento:framework:Acl/etc/acl.xsd">
    <acl>
        <resources>
            <resource id="Magento_Backend::admin">
                <resource id="MagicToolbox_MagicToolbox::magictoolbox" title="Magic Toolbox" sortOrder="85">
                    <resource id="MagicToolbox_MagicScroll::magicscroll_settings_edit" title="Magic Scroll" sortOrder="10"/>
                </resource>
            </resource>
        </resources>
    </acl>
</config>
