<?xml version="1.0"?>
<!--
/**
 * PIT Solutions
 *
 * NOTICE OF LICENSE
 *
 * This source file is licenced under Webshop Extensions software license.
 * Once you have purchased the software with PIT Solutions AG or one of its
 * authorised resellers and provided that you comply with the conditions of this contract,
 * PIT Solutions AG grants you a non-exclusive license, unlimited in time for the usage of
 * the software in the manner of and for the purposes specified in the documentation according
 * to the subsequent regulations.
 *
 * @category Pits
 * @package  Pits_GiftWrap
 * @author   Pit Solutions Pvt. Ltd.
 * @copyright Copyright (c) 2021 PIT Solutions AG. (www.pitsolutions.ch)
 * @license https://www.webshopextension.com/en/licence-agreement/
 */
-->
<config xmlns:xsi="http://www.w3.org/2001/XMLSchema-instance" xsi:noNamespaceSchemaLocation="urn:magento:module:Magento_Sales:etc/sales.xsd">
    <section name="quote">
        <group name="totals">
            <item name="gift_wrap_fee" instance="Pits\GiftWrap\Model\Total\Fee" sort_order="150"/>
        </group>
    </section>
    <section name="order_invoice">
        <group name="totals">
            <item name="gift_wrap_fee" instance="Pits\GiftWrap\Model\Invoice\Total\Fee" sort_order="150"/>
        </group>
    </section>
    <section name="order_creditmemo">
        <group name="totals">
            <item name="gift_wrap_fee" instance="Pits\GiftWrap\Model\Creditmemo\Total\Fee" sort_order="150"/>
        </group>
    </section>
</config>
