<?xml version="1.0"?>
<!--
/**
 * PIT Solutions
 *
 * NOTICE OF LICENSE
 *
 * This source file is licenced under Webshop Extensions software license.
 * Once you have purchased the software with PIT Solutions AG or one of its
 * authorised resellers and provided that you comply with the conditions of this contract,
 * PIT Solutions AG grants you a non-exclusive license, unlimited in time for the usage of
 * the software in the manner of and for the purposes specified in the documentation according
 * to the subsequent regulations.
 *
 * @category Pits
 * @package  Pits_GiftWrap
 * @author   Pit Solutions Pvt. Ltd.
 * @copyright Copyright (c) 2021 PIT Solutions AG. (www.pitsolutions.ch)
 * @license https://www.webshopextension.com/en/licence-agreement/
 */
-->
<config xmlns:xsi="http://www.w3.org/2001/XMLSchema-instance" xsi:noNamespaceSchemaLocation="urn:magento:framework:ObjectManager/etc/config.xsd">
    <type name="Magento\Checkout\Model\CompositeConfigProvider">
        <arguments>
            <argument name="configProviders" xsi:type="array">
                <item name="checkout_gift_wrap_block" xsi:type="object">Pits\GiftWrap\Model\GiftWrapConfigProvider</item>
            </argument>
        </arguments>
    </type>
    <type name="Magento\Checkout\Block\Onepage">
        <arguments>
            <argument name="layoutProcessors" xsi:type="array">
                <item name="CheckoutLayoutProcessor" xsi:type="object">Pits\GiftWrap\Block\Checkout\CheckoutLayoutProcessor</item>
            </argument>
        </arguments>
    </type>
    <type name="Magento\Checkout\Block\Cart\Totals">
        <arguments>
            <argument name="layoutProcessors" xsi:type="array">
                <item name="CartLayoutProcessor" xsi:type="object">Pits\GiftWrap\Block\Checkout\Cart\CartLayoutProcessor</item>
            </argument>
        </arguments>
    </type>
</config>
