sku,price
PSAAG10498,9999
PSAAG10499,9999
PSAAG10500,9999
PSAAG10501,9999
PSAAG10502,9999
PSAAG10503,9999
PSAAG10504,9999
PSAAG10505,9999
PSAAG10506,9999
PSAAG10507,9999
PSAAG10561,9999
PSAAG10562,9999
PSAAG10563,9999
PSAAG10564,9999
PSAAG10565,9999
PSAAG10566,9999
PSAAG10567,9999
PSAAG10568,9999
PSAAG10569,9999
PSAAG10570,9999
PSAAG10571,9999
PSAAG10572,9999
PSAAG10573,9999
PSAAG10574,9999
PSAAG10575,9999
PSAAG10576,9999
PSAAG10577,9999
PSAAG10578,9999
PSAAG10579,9999
PSAAG10580,9999
PSAAG10581,9999
PSAAG10582,9999
PSAAG10583,9999
PSAAG10584,9999
PSAAG10585,9999
PSAAG10586,9999
PSAAG10587,9999
PSAAG10588,9999
PSAAG10589,9999
PSAAG10590,9999
PSAAG10591,9999
PSAAG10592,9999
PSAAG10593,9999
SKDAG3418,9999
SKDAG3419,9999
SKDAG3420,9999
SKDAG3421,9999
SKDAG3422,9999
SKDAG3433,9999
SKDAG3434,9999
SKDAG3435,9999
SKDAG3436,9999
SKDAG3437,9999
SKDAG3438,9999
